{"stats":{"minecraft:dropped":{"minecraft:compass":1},"minecraft:mined":{"minecraft:large_fern":1,"biomesoplenty:jacaranda_leaves":1,"minecraft:purple_bed":1,"biomesoplenty:jacaranda_log":32,"biomesoplenty:tall_lavender":1,"minecraft:brown_mushroom":3,"farmersdelight:wild_carrots":4,"minecraft:crafting_table":1,"minecraft:grass":16,"biomesoplenty:clover":1,"minecraft:coal_ore":14,"minecraft:grass_block":3,"minecraft:oak_log":5,"farmersdelight:brown_mushroom_colony":1,"minecraft:tall_grass":1,"biomesoplenty:huge_clover_petal":1,"minecraft:stone":7,"minecraft:red_mushroom":1},"minecraft:crafted":{"minecraft:oak_planks":16,"minecraft:crafting_table":1,"minecraft:stick":12,"minecraft:wooden_pickaxe":1,"minecraft:wooden_axe":1},"minecraft:used":{"minecraft:wooden_axe":40,"minecraft:bread":4,"minecraft:wooden_pickaxe":40,"delightful:green_tea_leaf":1,"minecraft:beef":2,"minecraft:crafting_table":2,"minecraft:carrot":10,"minecraft:experience_bottle":3},"minecraft:picked_up":{"minecraft:crafting_table":2,"minecraft:leather":1,"minecraft:brown_mushroom":8,"minecraft:red_mushroom":1,"biomesoplenty:jacaranda_sapling":11,"minecraft:oak_log":5,"minecraft:carrot":4,"minecraft:dirt":3,"minecraft:purple_bed":1,"biomesoplenty:jacaranda_log":29,"minecraft:wheat_seeds":2,"minecraft:bucket":1,"minecraft:beef":2,"minecraft:rose_bush":1,"minecraft:oak_sapling":2,"twigs:twig":13,"delightful:green_tea_leaf":1,"minecraft:iron_sword":1,"minecraft:coal":14,"minecraft:cobblestone":7,"minecraft:furnace":2},"minecraft:custom":{"minecraft:time_since_rest":10316,"minecraft:sprint_one_cm":90469,"minecraft:damage_taken":252,"minecraft:walk_one_cm":60913,"minecraft:mob_kills":1,"minecraft:drop":1,"minecraft:damage_dealt":369,"minecraft:interact_with_crafting_table":4,"minecraft:swim_one_cm":295,"minecraft:fly_one_cm":86410,"minecraft:open_chest":3,"minecraft:crouch_one_cm":765,"minecraft:play_time":24637,"minecraft:sneak_time":261,"minecraft:walk_under_water_one_cm":60,"minecraft:jump":622,"minecraft:time_since_death":24637,"minecraft:walk_on_water_one_cm":1288,"minecraft:sleep_in_bed":1,"minecraft:climb_one_cm":315,"minecraft:total_world_time":24637,"minecraft:fall_one_cm":10332},"minecraft:killed":{"minecraft:cow":1}},"DataVersion":3465}