{"stats":{"minecraft:dropped":{"minecraft:water_bucket":1,"minecraft:wheat_seeds":40,"minecraft:mossy_cobblestone":1,"minecraft:crossbow":1,"minecraft:cobblestone":2,"minecraft:jungle_wood":1,"delightful:green_tea_leaf":1,"minecraft:cracked_stone_bricks":1,"twigs:pebble":2,"minecraft:cobweb":1,"minecraft:dirt":3,"minecraft:mud_brick_wall":1,"minecraft:stone_button":1,"backpacked:backpack":1,"minecraft:sand":1,"minecraft:jungle_sapling":4,"minecraft:oak_stairs":1,"minecraft:paper":2,"minecraft:dark_oak_planks":3,"minecraft:tripwire_hook":1,"minecraft:dark_oak_boat":1,"spawnersplus:spawner_fragment":1,"biomesoplenty:toadstool":1,"minecraft:compass":1,"minecraft:iron_nugget":2,"minecraft:cobblestone_wall":2,"minecraft:rotten_flesh":5,"minecraft:carrot":25,"minecraft:stripped_bamboo_block":2,"minecraft:bamboo_fence":1,"farmersdelight:cutting_board":1,"minecraft:leather_chestplate":3,"minecraft:allium":7,"minecraft:stone_pressure_plate":64,"minecraft:stone_bricks":2,"minecraft:bow":1,"alexsmobs:banana":1,"minecraft:stone_brick_stairs":2},"minecraft:broken":{"minecraft:iron_pickaxe":1},"minecraft:mined":{"minecraft:stone_pressure_plate":174,"farmersdelight:onions":1,"minecraft:mossy_cobblestone":3,"minecraft:bamboo_fence":3,"farmersdelight:wild_carrots":19,"minecraft:jungle_leaves":116,"farmersdelight:tomato_crate":1,"minecraft:allium":2,"minecraft:grass_block":6,"minecraft:infested_cobblestone":1,"minecraft:deepslate_bricks":2,"minecraft:mud_brick_wall":1,"minecraft:red_mushroom":1,"minecraft:waxed_weathered_copper":1,"minecraft:large_fern":1,"farmersdelight:wild_onions":3,"biomesoplenty:jacaranda_log":33,"biomesoplenty:tall_lavender":1,"minecraft:furnace":1,"minecraft:carrots":17,"minecraft:iron_ore":30,"minecraft:sticky_piston":5,"minecraft:fire":1,"minecraft:brown_bed":1,"minecraft:potatoes":4,"minecraft:dirt_path":1,"minecraft:oak_stairs":1,"minecraft:stripped_bamboo_block":2,"minecraft:stone":9,"farmersdelight:wild_potatoes":3,"minecraft:tripwire":1,"minecraft:piston_head":5,"biomesoplenty:jacaranda_leaves":1,"minecraft:brown_mushroom":3,"deeperdarker:ancient_vase":11,"biomesoplenty:jacaranda_planks":6,"minecraft:soul_fire":3,"minecraft:crafting_table":6,"minecraft:torch":8,"farmersdelight:cabbage_crate":1,"farmersdelight:brown_mushroom_colony":1,"farmersdelight:onion_crate":8,"minecraft:tall_grass":3,"minecraft:cobblestone":13,"biomesoplenty:huge_clover_petal":1,"minecraft:cyan_bed":1,"minecraft:wall_torch":6,"supplementaries:urn":4,"minecraft:purple_bed":1,"minecraft:jungle_wood":1,"minecraft:cobblestone_wall":2,"farmersdelight:cutting_board":1,"minecraft:wheat":14,"minecraft:stone_brick_stairs":2,"minecraft:grass":27,"biomesoplenty:clover":1,"minecraft:coal_ore":17,"minecraft:oak_log":5,"minecraft:gray_carpet":1,"minecraft:cobweb":23,"minecraft:tripwire_hook":1,"minecraft:stone_bricks":2,"minecraft:mossy_stone_bricks":8,"minecraft:oak_leaves":6,"minecraft:fern":6},"minecraft:crafted":{"minecraft:oak_planks":20,"farmersdelight:cabbage":9,"minecraft:furnace":1,"minecraft:stone_pickaxe":1,"farmersdelight:tomato":9,"backpacked:backpack":2,"biomesoplenty:jacaranda_planks":96,"minecraft:crafting_table":1,"minecraft:wooden_pickaxe":1,"minecraft:bread":4,"minecraft:iron_chestplate":1,"minecraft:stick":12,"minecraft:iron_ingot":3,"minecraft:wooden_axe":1,"minecraft:iron_leggings":1,"minecraft:torch":8,"farmersdelight:onion":18},"minecraft:used":{"minecraft:iron_sword":306,"minecraft:torch":31,"minecraft:dirt":1,"minecraft:carrot":88,"minecraft:wooden_axe":51,"minecraft:iron_axe":10,"biomesoplenty:jacaranda_log":6,"minecraft:stone_bricks":1,"delightful:green_tea_leaf":1,"minecraft:bow":42,"minecraft:beef":10,"minecraft:furnace":1,"minecraft:brown_bed":1,"minecraft:water_bucket":1,"alexsmobs:cooked_catfish":1,"minecraft:stone_pickaxe":40,"minecraft:wooden_pickaxe":40,"farmersdelight:onion":42,"minecraft:crafting_table":7,"minecraft:crossbow":7,"minecraft:cod":2,"biomesoplenty:jacaranda_planks":66,"minecraft:apple":1,"minecraft:bread":6,"minecraft:cyan_bed":1,"minecraft:iron_pickaxe":248,"minecraft:cobblestone":5,"minecraft:purple_bed":1,"minecraft:bucket":1,"minecraft:experience_bottle":3},"minecraft:killed_by":{"minecraft:husk":5,"minecraft:creeper":1,"minecraft:enderman":1,"minecraft:vindicator":3,"minecraft:warden":1,"minecraft:skeleton":2,"minecraft:zombie":1,"deeperdarker:stalker":2},"minecraft:picked_up":{"minecraft:crafting_table":7,"minecraft:wheat":14,"minecraft:allium":9,"minecraft:brown_mushroom":8,"minecraft:oak_stairs":1,"minecraft:brown_bed":1,"biomesoplenty:jacaranda_sapling":11,"minecraft:stone_brick_stairs":2,"spawnersplus:spawner_fragment":1,"farmersdelight:cutting_board":1,"minecraft:string":43,"minecraft:iron_axe":1,"minecraft:cracked_stone_bricks":1,"minecraft:waxed_weathered_copper":1,"alexsmobs:banana":1,"minecraft:bucket":1,"twigs:pebble":2,"minecraft:beef":29,"minecraft:rose_bush":1,"minecraft:jungle_sapling":4,"minecraft:iron_nugget":2,"minecraft:enchanted_golden_apple":1,"delightful:green_tea_leaf":2,"minecraft:furnace":3,"minecraft:stick":6,"minecraft:raw_iron":30,"farmersdelight:cabbage_crate":1,"minecraft:copper_ingot":1,"minecraft:torch":37,"minecraft:stone_button":1,"minecraft:carrot":73,"minecraft:redstone":15,"minecraft:stone_pressure_plate":64,"minecraft:dark_oak_planks":3,"deeperdarker:soul_dust":3,"farmersdelight:tomato_crate":1,"minecraft:arrow":16,"minecraft:rotten_flesh":19,"biomesoplenty:jacaranda_log":30,"farmersdelight:onion":3,"minecraft:deepslate_bricks":4,"minecraft:gold_ingot":4,"supplementaries:ash":5,"minecraft:cobblestone":31,"minecraft:leather_chestplate":2,"farmersdelight:onion_crate":7,"minecraft:tripwire_hook":1,"minecraft:water_bucket":1,"minecraft:leather":12,"minecraft:dark_oak_boat":1,"minecraft:jungle_wood":1,"minecraft:red_mushroom":1,"minecraft:potato":16,"alexsmobs:bison_fur":1,"minecraft:oak_log":5,"biomesoplenty:jacaranda_planks":6,"minecraft:cobblestone_wall":2,"minecraft:dirt":13,"minecraft:stripped_bamboo_block":2,"minecraft:bone":13,"minecraft:gray_carpet":1,"minecraft:stone_bricks":3,"minecraft:bow":2,"minecraft:wheat_seeds":43,"minecraft:iron_ingot":7,"minecraft:cobweb":4,"minecraft:stripped_oak_wood":1,"twigs:twig":13,"minecraft:iron_sword":1,"biomesoplenty:toadstool":1,"minecraft:bamboo_fence":1,"minecraft:sand":6,"deeperdarker:soul_crystal":1,"minecraft:mud_brick_wall":1,"minecraft:cyan_bed":2,"minecraft:mossy_cobblestone":1,"minecraft:purple_bed":1,"minecraft:crossbow":1,"minecraft:golden_apple":2,"minecraft:emerald":1,"minecraft:oak_sapling":2,"minecraft:coal":27,"minecraft:ender_pearl":1},"minecraft:custom":{"minecraft:inspect_dropper":4,"minecraft:mob_kills":37,"minecraft:interact_with_crafting_table":20,"minecraft:open_barrel":28,"minecraft:bell_ring":7,"minecraft:damage_dealt_resisted":608,"minecraft:time_since_death":2141,"minecraft:climb_one_cm":11293,"minecraft:sprint_one_cm":407017,"minecraft:walk_one_cm":491950,"minecraft:drop":50,"minecraft:talked_to_villager":4,"minecraft:play_time":180637,"minecraft:deaths":19,"minecraft:sneak_time":19573,"minecraft:walk_under_water_one_cm":10980,"minecraft:boat_one_cm":6704,"minecraft:jump":2793,"minecraft:walk_on_water_one_cm":39540,"minecraft:total_world_time":180637,"minecraft:interact_with_furnace":4,"minecraft:sleep_in_bed":5,"minecraft:time_since_rest":2177,"minecraft:damage_taken":7784,"minecraft:damage_dealt":7738,"minecraft:swim_one_cm":5427,"minecraft:fly_one_cm":435847,"minecraft:player_kills":2,"minecraft:open_chest":45,"minecraft:crouch_one_cm":110991,"minecraft:interact_with_smoker":1,"minecraft:fall_one_cm":70324,"minecraft:inspect_dispenser":4},"minecraft:killed":{"minecraft:cave_spider":1,"minecraft:spider":1,"minecraft:phantom":1,"minecraft:skeleton":8,"deeperdarker:sculk_leech":5,"alexsmobs:bison":1,"friendsandfoes:copper_golem":1,"deeperdarker:stalker":1,"minecraft:husk":5,"minecraft:pillager":1,"minecraft:zombie":1,"minecraft:player":1,"minecraft:enderman":2,"minecraft:cow":8}},"DataVersion":3465}