{"stats":{"minecraft:dropped":{"minecraft:water_bucket":1,"minecraft:compass":1,"minecraft:iron_nugget":1,"minecraft:carrot":25,"twigs:pebble":2,"minecraft:jungle_sapling":2,"minecraft:stone_pressure_plate":64,"minecraft:paper":2},"minecraft:mined":{"minecraft:piston_head":5,"biomesoplenty:jacaranda_leaves":1,"minecraft:stone_pressure_plate":174,"minecraft:brown_mushroom":3,"minecraft:mossy_cobblestone":2,"biomesoplenty:jacaranda_planks":5,"farmersdelight:wild_carrots":19,"minecraft:jungle_leaves":69,"farmersdelight:tomato_crate":1,"minecraft:crafting_table":3,"minecraft:torch":4,"farmersdelight:cabbage_crate":1,"minecraft:allium":2,"minecraft:grass_block":3,"minecraft:infested_cobblestone":1,"farmersdelight:brown_mushroom_colony":1,"farmersdelight:onion_crate":2,"minecraft:cobblestone":9,"minecraft:tall_grass":3,"biomesoplenty:huge_clover_petal":1,"minecraft:red_mushroom":1,"minecraft:wall_torch":2,"minecraft:large_fern":1,"minecraft:purple_bed":1,"biomesoplenty:jacaranda_log":33,"biomesoplenty:tall_lavender":1,"minecraft:jungle_wood":1,"minecraft:carrots":17,"minecraft:iron_ore":9,"minecraft:sticky_piston":5,"minecraft:grass":25,"biomesoplenty:clover":1,"minecraft:potatoes":4,"minecraft:oak_log":5,"minecraft:coal_ore":16,"minecraft:stone_bricks":1,"minecraft:stone":7,"minecraft:mossy_stone_bricks":8,"minecraft:oak_leaves":5,"farmersdelight:wild_potatoes":3},"minecraft:crafted":{"minecraft:oak_planks":20,"farmersdelight:cabbage":9,"biomesoplenty:jacaranda_planks":96,"minecraft:crafting_table":1,"minecraft:wooden_pickaxe":1,"minecraft:furnace":1,"minecraft:bread":4,"minecraft:iron_chestplate":1,"minecraft:stick":12,"minecraft:iron_leggings":1,"minecraft:iron_ingot":3,"minecraft:stone_pickaxe":1,"minecraft:wooden_axe":1,"farmersdelight:tomato":9,"minecraft:torch":8,"farmersdelight:onion":18},"minecraft:used":{"alexsmobs:cooked_catfish":1,"minecraft:stone_pickaxe":12,"minecraft:wooden_pickaxe":40,"minecraft:iron_sword":149,"minecraft:torch":8,"minecraft:dirt":1,"minecraft:crafting_table":5,"minecraft:carrot":56,"minecraft:crossbow":7,"minecraft:cod":2,"biomesoplenty:jacaranda_planks":32,"minecraft:wooden_axe":51,"minecraft:apple":1,"minecraft:cyan_bed":1,"minecraft:bread":6,"minecraft:iron_pickaxe":208,"biomesoplenty:jacaranda_log":6,"delightful:green_tea_leaf":1,"minecraft:beef":2,"minecraft:purple_bed":1,"minecraft:furnace":1,"minecraft:experience_bottle":3},"minecraft:picked_up":{"minecraft:crafting_table":4,"minecraft:allium":2,"farmersdelight:onion_crate":2,"minecraft:water_bucket":1,"minecraft:jungle_wood":1,"minecraft:leather":1,"minecraft:brown_mushroom":8,"minecraft:red_mushroom":1,"minecraft:potato":16,"alexsmobs:bison_fur":1,"biomesoplenty:jacaranda_sapling":11,"minecraft:oak_log":5,"biomesoplenty:jacaranda_planks":5,"minecraft:dirt":10,"minecraft:bone":5,"minecraft:bow":1,"minecraft:wheat_seeds":3,"minecraft:bucket":1,"twigs:pebble":2,"minecraft:iron_ingot":7,"minecraft:beef":9,"minecraft:rose_bush":1,"minecraft:jungle_sapling":2,"minecraft:stripped_oak_wood":1,"minecraft:iron_nugget":1,"twigs:twig":13,"delightful:green_tea_leaf":1,"minecraft:iron_sword":1,"minecraft:furnace":2,"minecraft:raw_iron":10,"farmersdelight:cabbage_crate":1,"minecraft:torch":5,"minecraft:carrot":73,"minecraft:cyan_bed":1,"minecraft:stone_pressure_plate":64,"farmersdelight:tomato_crate":1,"minecraft:arrow":4,"minecraft:purple_bed":1,"biomesoplenty:jacaranda_log":30,"minecraft:crossbow":1,"minecraft:emerald":1,"minecraft:oak_sapling":2,"minecraft:coal":16,"minecraft:cobblestone":24,"minecraft:ender_pearl":1},"minecraft:killed_by":{"minecraft:husk":5,"minecraft:vindicator":3,"minecraft:skeleton":1,"minecraft:enderman":1},"minecraft:custom":{"minecraft:interact_with_furnace":2,"minecraft:inspect_dropper":4,"minecraft:mob_kills":11,"minecraft:interact_with_crafting_table":13,"minecraft:open_barrel":20,"minecraft:time_since_death":9680,"minecraft:sleep_in_bed":4,"minecraft:climb_one_cm":6296,"minecraft:time_since_rest":6226,"minecraft:sprint_one_cm":254096,"minecraft:damage_taken":3763,"minecraft:walk_one_cm":297375,"minecraft:drop":10,"minecraft:damage_dealt":3123,"minecraft:player_kills":1,"minecraft:swim_one_cm":746,"minecraft:talked_to_villager":2,"minecraft:fly_one_cm":262296,"minecraft:open_chest":31,"minecraft:crouch_one_cm":7147,"minecraft:play_time":96637,"minecraft:deaths":10,"minecraft:sneak_time":1944,"minecraft:walk_under_water_one_cm":146,"minecraft:jump":1641,"minecraft:walk_on_water_one_cm":2664,"minecraft:total_world_time":96637,"minecraft:inspect_dispenser":2,"minecraft:fall_one_cm":33161},"minecraft:killed":{"minecraft:husk":1,"minecraft:spider":1,"minecraft:skeleton":3,"minecraft:pillager":1,"minecraft:zombie":1,"alexsmobs:bison":1,"minecraft:player":1,"minecraft:enderman":2,"minecraft:cow":1}},"DataVersion":3465}