{"stats":{"minecraft:mined":{"create:zinc_ore":8,"minecraft:deepslate_redstone_ore":7,"minecraft:tuff":2,"quark:shale":34,"minecraft:deepslate_diamond_ore":1,"minecraft:sculk_vein":9,"galosphere:deepslate_silver_ore":8,"minecraft:torch":7,"minecraft:crafting_table":4,"minecraft:glow_lichen":1,"minecraft:granite":8,"delightful:pumpkin_pie":1,"minecraft:grass_block":10,"tetra:forged_platform_slab":2,"tetra:forged_crate":1,"minecraft:sculk_sensor":2,"galosphere:silver_ore":9,"minecraft:tall_grass":1,"minecraft:copper_ore":14,"minecraft:cobblestone":4,"minecraft:spruce_leaves":3,"minecraft:deepslate_gold_ore":5,"minecraft:sculk":2,"minecraft:diorite":22,"minecraft:wall_torch":13,"tetra:forged_pillar":1,"epicsamurai:deepslate_jade_ore":3,"minecraft:furnace":1,"tetra:basic_workbench":1,"iter_rpg:small_vase":1,"minecraft:sweet_berry_bush":2,"minecraft:iron_ore":13,"iter_rpg:void_quartz":1,"minecraft:fire":1,"iter_rpg:deepslate_ametrine_ore":2,"minecraft:andesite":16,"treechop:chopped_log":3,"minecraft:grass":1,"minecraft:sculk_shrieker":1,"tetra:forged_workbench":1,"minecraft:coal_ore":71,"iter_rpg:geodite":2,"minecraft:dirt":7,"minecraft:stone":444,"minecraft:gold_ore":3,"minecraft:deepslate":62,"environmental:dwarf_spruce":4},"minecraft:custom":{"enigmaticlegacy:play_time_with_seven_curses":0,"minecraft:interact_with_furnace":13,"minecraft:mob_kills":15,"enigmaticlegacy:play_time_without_seven_curses":133659,"minecraft:interact_with_crafting_table":12,"minecraft:time_since_death":17565,"minecraft:climb_one_cm":699,"minecraft:time_since_rest":17626,"minecraft:waystone_activated":1,"minecraft:sprint_one_cm":162184,"minecraft:damage_taken":4186,"minecraft:walk_one_cm":374534,"minecraft:drop":9,"minecraft:damage_dealt":2562,"minecraft:swim_one_cm":2873,"minecraft:fly_one_cm":115581,"minecraft:player_kills":3,"minecraft:crouch_one_cm":51941,"minecraft:play_time":134194,"minecraft:deaths":15,"minecraft:sneak_time":12440,"minecraft:walk_under_water_one_cm":17149,"minecraft:boat_one_cm":78582,"minecraft:jump":1260,"minecraft:walk_on_water_one_cm":12734,"minecraft:total_world_time":134194,"minecraft:fall_one_cm":29126},"minecraft:killed_by":{"minecraft:warden":1,"minecraft:player":5,"minecraft:skeleton":4,"minecraft:stray":1,"minecraft:zombie":1,"born_in_chaos_v1:corpse_fly":2,"minecraft:illusioner":1},"minecraft:used":{"minecraft:stone_pickaxe":218,"create:veridium":1,"minecraft:wooden_pickaxe":60,"minecraft:torch":216,"minecraft:dirt":22,"minecraft:crafting_table":6,"tetra:modular_double":87,"environmental:cartwheel":1,"born_in_chaos_v1:corpse_maggot":2,"waystones:waystone":1,"minecraft:wooden_axe":43,"minecraft:apple":2,"minecraft:iron_pickaxe":465,"minecraft:cobblestone":90,"minecraft:sweet_berries":6,"minecraft:furnace":3},"minecraft:crafted":{"minecraft:oak_planks":36,"minecraft:crafting_table":3,"minecraft:spruce_planks":16,"minecraft:wooden_pickaxe":1,"minecraft:furnace":2,"minecraft:air":0,"minecraft:charcoal":7,"minecraft:stick":64,"minecraft:iron_ingot":14,"minecraft:iron_pickaxe":3,"minecraft:stone_pickaxe":1,"minecraft:wooden_axe":1,"minecraft:torch":208,"tetra:modular_double":2},"minecraft:dropped":{"quark:shale":34,"minecraft:stone":2,"minecraft:diorite":2,"tetra:holo":1,"minecraft:iron_pickaxe":1,"tetra:metal_scrap":2,"iter_rpg:potsherd":1},"minecraft:killed":{"minecraft:spider":2,"dungeons_mobs:wraith":1,"iter_rpg:spiderling":1,"minecraft:skeleton":1,"minecraft:zombie":2,"born_in_chaos_v1:corpse_fly":6,"minecraft:stray":1},"minecraft:picked_up":{"born_in_chaos_v1:corpse_maggot":10,"minecraft:crafting_table":6,"minecraft:andesite":16,"create:raw_zinc":8,"minecraft:oak_log":9,"minecraft:string":3,"minecraft:dirt":27,"minecraft:raw_copper":44,"epicsamurai:jade":3,"minecraft:apple":2,"tetra:metal_scrap":19,"iter_rpg:ametrine_shard":5,"minecraft:cobbled_deepslate":63,"minecraft:raw_gold":9,"minecraft:iron_ingot":5,"minecraft:stone_pickaxe":1,"iter_rpg:potsherd":1,"minecraft:iron_pickaxe":2,"galosphere:raw_silver":17,"minecraft:furnace":1,"minecraft:stick":9,"minecraft:raw_iron":13,"minecraft:stone":2,"tetra:modular_double":1,"minecraft:sweet_berries":4,"quark:shale":34,"tetra:holo":2,"minecraft:torch":32,"environmental:cartwheel":1,"born_in_chaos_v1:pieceofdarkmetal":2,"minecraft:spruce_sapling":12,"iter_rpg:stone_geode":12,"minecraft:diorite":24,"minecraft:spruce_log":13,"minecraft:redstone":28,"alexsmobs:centipede_leg":2,"iter_rpg:voidquartz_shard":2,"minecraft:arrow":2,"minecraft:rotten_flesh":1,"minecraft:diamond":1,"minecraft:iron_helmet":1,"minecraft:granite":8,"create:veridium":1,"minecraft:oak_sapling":6,"minecraft:coal":77,"minecraft:cobblestone":445},"minecraft:broken":{"minecraft:stone_pickaxe":2,"minecraft:iron_pickaxe":1,"minecraft:wooden_axe":1,"minecraft:wooden_pickaxe":1}},"DataVersion":3120}