{"stats":{"minecraft:dropped":{"minecraft:water_bucket":1,"minecraft:wheat_seeds":1,"minecraft:crossbow":1,"minecraft:jungle_wood":1,"twigs:pebble":2,"minecraft:dirt":2,"minecraft:mud_brick_wall":1,"minecraft:stone_button":1,"minecraft:jungle_sapling":4,"minecraft:paper":2,"minecraft:dark_oak_planks":3,"minecraft:dark_oak_boat":1,"minecraft:compass":1,"minecraft:iron_nugget":1,"minecraft:cobblestone_wall":2,"minecraft:carrot":25,"minecraft:stripped_bamboo_block":2,"minecraft:bamboo_fence":1,"farmersdelight:cutting_board":1,"minecraft:leather_chestplate":3,"minecraft:allium":7,"minecraft:stone_pressure_plate":64,"minecraft:bow":1,"minecraft:stone_brick_stairs":2},"minecraft:mined":{"minecraft:stone_pressure_plate":174,"farmersdelight:onions":1,"minecraft:mossy_cobblestone":2,"minecraft:bamboo_fence":3,"farmersdelight:wild_carrots":19,"minecraft:jungle_leaves":116,"farmersdelight:tomato_crate":1,"minecraft:allium":2,"minecraft:grass_block":5,"minecraft:infested_cobblestone":1,"minecraft:mud_brick_wall":1,"minecraft:red_mushroom":1,"minecraft:large_fern":1,"farmersdelight:wild_onions":3,"biomesoplenty:jacaranda_log":33,"biomesoplenty:tall_lavender":1,"minecraft:furnace":1,"minecraft:carrots":17,"minecraft:iron_ore":11,"minecraft:sticky_piston":5,"minecraft:fire":1,"minecraft:potatoes":4,"minecraft:dirt_path":1,"minecraft:stripped_bamboo_block":2,"minecraft:stone":8,"farmersdelight:wild_potatoes":3,"minecraft:piston_head":5,"biomesoplenty:jacaranda_leaves":1,"minecraft:brown_mushroom":3,"biomesoplenty:jacaranda_planks":5,"minecraft:crafting_table":5,"minecraft:torch":7,"farmersdelight:cabbage_crate":1,"farmersdelight:brown_mushroom_colony":1,"farmersdelight:onion_crate":8,"minecraft:tall_grass":3,"minecraft:cobblestone":9,"biomesoplenty:huge_clover_petal":1,"minecraft:cyan_bed":1,"minecraft:wall_torch":4,"minecraft:purple_bed":1,"minecraft:jungle_wood":1,"minecraft:cobblestone_wall":2,"farmersdelight:cutting_board":1,"minecraft:stone_brick_stairs":2,"minecraft:grass":26,"biomesoplenty:clover":1,"minecraft:coal_ore":17,"minecraft:oak_log":5,"minecraft:cobweb":18,"minecraft:stone_bricks":1,"minecraft:mossy_stone_bricks":8,"minecraft:oak_leaves":6,"minecraft:fern":1},"minecraft:crafted":{"minecraft:oak_planks":20,"farmersdelight:cabbage":9,"minecraft:furnace":1,"minecraft:stone_pickaxe":1,"farmersdelight:tomato":9,"backpacked:backpack":1,"biomesoplenty:jacaranda_planks":96,"minecraft:crafting_table":1,"minecraft:wooden_pickaxe":1,"minecraft:bread":4,"minecraft:iron_chestplate":1,"minecraft:stick":12,"minecraft:iron_ingot":3,"minecraft:wooden_axe":1,"minecraft:iron_leggings":1,"minecraft:torch":8,"farmersdelight:onion":18},"minecraft:used":{"minecraft:iron_sword":255,"minecraft:torch":14,"minecraft:dirt":1,"minecraft:carrot":88,"minecraft:wooden_axe":51,"minecraft:iron_axe":7,"biomesoplenty:jacaranda_log":6,"delightful:green_tea_leaf":1,"minecraft:bow":38,"minecraft:beef":8,"minecraft:furnace":1,"minecraft:water_bucket":1,"alexsmobs:cooked_catfish":1,"minecraft:stone_pickaxe":12,"minecraft:wooden_pickaxe":40,"minecraft:crafting_table":6,"minecraft:crossbow":7,"minecraft:cod":2,"biomesoplenty:jacaranda_planks":51,"minecraft:apple":1,"minecraft:bread":6,"minecraft:cyan_bed":1,"minecraft:iron_pickaxe":224,"minecraft:purple_bed":1,"minecraft:bucket":1,"minecraft:experience_bottle":3},"minecraft:killed_by":{"minecraft:husk":5,"minecraft:creeper":1,"minecraft:enderman":1,"minecraft:vindicator":3,"minecraft:skeleton":2,"minecraft:zombie":1},"minecraft:picked_up":{"minecraft:crafting_table":6,"minecraft:allium":9,"minecraft:brown_mushroom":8,"biomesoplenty:jacaranda_sapling":11,"minecraft:stone_brick_stairs":2,"spawnersplus:spawner_fragment":1,"farmersdelight:cutting_board":1,"minecraft:string":32,"minecraft:iron_axe":1,"minecraft:cracked_stone_bricks":1,"alexsmobs:banana":1,"minecraft:bucket":1,"twigs:pebble":2,"minecraft:beef":28,"minecraft:rose_bush":1,"minecraft:jungle_sapling":4,"minecraft:iron_nugget":2,"delightful:green_tea_leaf":2,"minecraft:furnace":3,"minecraft:raw_iron":12,"farmersdelight:cabbage_crate":1,"minecraft:torch":11,"minecraft:stone_button":1,"minecraft:carrot":73,"minecraft:stone_pressure_plate":64,"minecraft:dark_oak_planks":3,"farmersdelight:tomato_crate":1,"minecraft:arrow":16,"minecraft:rotten_flesh":3,"biomesoplenty:jacaranda_log":30,"farmersdelight:onion":3,"minecraft:cobblestone":26,"minecraft:leather_chestplate":2,"farmersdelight:onion_crate":7,"minecraft:water_bucket":1,"minecraft:leather":6,"minecraft:dark_oak_boat":1,"minecraft:jungle_wood":1,"minecraft:red_mushroom":1,"minecraft:potato":16,"alexsmobs:bison_fur":1,"minecraft:oak_log":5,"biomesoplenty:jacaranda_planks":5,"minecraft:cobblestone_wall":2,"minecraft:dirt":12,"minecraft:stripped_bamboo_block":2,"minecraft:bone":13,"minecraft:stone_bricks":2,"minecraft:bow":2,"minecraft:wheat_seeds":4,"minecraft:iron_ingot":7,"minecraft:stripped_oak_wood":1,"twigs:twig":13,"minecraft:iron_sword":1,"biomesoplenty:toadstool":1,"minecraft:bamboo_fence":1,"minecraft:mud_brick_wall":1,"minecraft:cyan_bed":2,"minecraft:purple_bed":1,"minecraft:crossbow":1,"minecraft:emerald":1,"minecraft:oak_sapling":2,"minecraft:coal":27,"minecraft:ender_pearl":1},"minecraft:custom":{"minecraft:inspect_dropper":4,"minecraft:mob_kills":28,"minecraft:interact_with_crafting_table":18,"minecraft:open_barrel":28,"minecraft:bell_ring":2,"minecraft:damage_dealt_resisted":608,"minecraft:time_since_death":4003,"minecraft:climb_one_cm":9572,"minecraft:sprint_one_cm":347079,"minecraft:walk_one_cm":393421,"minecraft:drop":32,"minecraft:talked_to_villager":3,"minecraft:play_time":132637,"minecraft:deaths":16,"minecraft:sneak_time":2185,"minecraft:walk_under_water_one_cm":10570,"minecraft:boat_one_cm":4075,"minecraft:jump":2329,"minecraft:walk_on_water_one_cm":38058,"minecraft:total_world_time":132637,"minecraft:interact_with_furnace":4,"minecraft:sleep_in_bed":4,"minecraft:time_since_rest":4038,"minecraft:damage_taken":6285,"minecraft:damage_dealt":5959,"minecraft:swim_one_cm":5427,"minecraft:fly_one_cm":391921,"minecraft:player_kills":2,"minecraft:open_chest":39,"minecraft:crouch_one_cm":8439,"minecraft:interact_with_smoker":1,"minecraft:fall_one_cm":59654,"minecraft:inspect_dispenser":4},"minecraft:killed":{"minecraft:spider":1,"minecraft:phantom":1,"minecraft:skeleton":8,"alexsmobs:bison":1,"minecraft:husk":5,"minecraft:pillager":1,"minecraft:zombie":1,"minecraft:player":1,"minecraft:enderman":2,"minecraft:cow":7}},"DataVersion":3465}