{"stats":{"minecraft:mined":{"minecraft:deepslate_redstone_ore":7,"minecraft:sculk_vein":9,"minecraft:torch":1,"minecraft:crafting_table":3,"minecraft:glow_lichen":1,"minecraft:grass_block":10,"galosphere:silver_ore":9,"minecraft:copper_ore":14,"minecraft:spruce_leaves":1,"minecraft:deepslate_gold_ore":1,"minecraft:sculk":1,"minecraft:wall_torch":1,"minecraft:furnace":1,"iter_rpg:small_vase":1,"minecraft:sweet_berry_bush":2,"minecraft:iron_ore":7,"iter_rpg:void_quartz":1,"minecraft:fire":1,"treechop:chopped_log":3,"minecraft:grass":1,"minecraft:sculk_shrieker":1,"minecraft:coal_ore":41,"minecraft:dirt":4,"minecraft:stone":58,"minecraft:gold_ore":3,"minecraft:deepslate":2,"environmental:dwarf_spruce":4},"minecraft:custom":{"enigmaticlegacy:play_time_with_seven_curses":0,"minecraft:interact_with_furnace":10,"minecraft:mob_kills":4,"enigmaticlegacy:play_time_without_seven_curses":61973,"minecraft:interact_with_crafting_table":6,"minecraft:time_since_death":8556,"minecraft:climb_one_cm":83,"minecraft:time_since_rest":8584,"minecraft:waystone_activated":1,"minecraft:sprint_one_cm":81492,"minecraft:damage_taken":1539,"minecraft:walk_one_cm":173750,"minecraft:drop":1,"minecraft:damage_dealt":556,"minecraft:swim_one_cm":925,"minecraft:fly_one_cm":50226,"minecraft:player_kills":2,"minecraft:crouch_one_cm":33326,"minecraft:play_time":62194,"minecraft:deaths":6,"minecraft:sneak_time":7200,"minecraft:walk_under_water_one_cm":9562,"minecraft:boat_one_cm":78582,"minecraft:jump":682,"minecraft:walk_on_water_one_cm":9646,"minecraft:total_world_time":62194,"minecraft:fall_one_cm":13331},"minecraft:killed_by":{"minecraft:player":2,"minecraft:skeleton":3,"minecraft:illusioner":1},"minecraft:used":{"minecraft:stone_pickaxe":86,"minecraft:wooden_pickaxe":33,"minecraft:torch":88,"minecraft:crafting_table":4,"environmental:cartwheel":1,"waystones:waystone":1,"minecraft:wooden_axe":32,"minecraft:apple":2,"minecraft:iron_pickaxe":43,"minecraft:sweet_berries":6,"minecraft:furnace":2},"minecraft:crafted":{"minecraft:oak_planks":20,"minecraft:crafting_table":1,"minecraft:spruce_planks":12,"minecraft:wooden_pickaxe":1,"minecraft:furnace":1,"minecraft:air":0,"minecraft:charcoal":7,"minecraft:stick":28,"minecraft:iron_ingot":9,"minecraft:iron_pickaxe":2,"minecraft:stone_pickaxe":1,"minecraft:wooden_axe":1,"minecraft:torch":108},"minecraft:dropped":{"minecraft:iron_pickaxe":1},"minecraft:killed":{"minecraft:spider":2,"iter_rpg:spiderling":1,"minecraft:zombie":1},"minecraft:picked_up":{"minecraft:crafting_table":3,"minecraft:oak_log":9,"minecraft:string":3,"minecraft:dirt":24,"minecraft:raw_copper":44,"minecraft:apple":2,"minecraft:cobbled_deepslate":3,"minecraft:raw_gold":4,"iter_rpg:potsherd":1,"galosphere:raw_silver":9,"minecraft:furnace":1,"minecraft:stick":9,"minecraft:raw_iron":7,"minecraft:sweet_berries":4,"minecraft:torch":4,"environmental:cartwheel":1,"minecraft:spruce_sapling":11,"minecraft:spruce_log":13,"minecraft:redstone":28,"iter_rpg:voidquartz_shard":2,"minecraft:rotten_flesh":1,"minecraft:oak_sapling":6,"minecraft:coal":40,"minecraft:cobblestone":60}},"DataVersion":3120}