{"stats":{"minecraft:mined":{"minecraft:sweet_berry_bush":2,"treechop:chopped_log":2,"minecraft:crafting_table":1,"minecraft:grass":1,"minecraft:grass_block":10,"minecraft:dirt":2,"minecraft:spruce_leaves":1,"environmental:dwarf_spruce":4},"minecraft:custom":{"minecraft:time_since_rest":1014,"enigmaticlegacy:play_time_with_seven_curses":0,"minecraft:waystone_activated":1,"minecraft:sprint_one_cm":58970,"minecraft:damage_taken":659,"minecraft:walk_one_cm":87691,"minecraft:damage_dealt":254,"enigmaticlegacy:play_time_without_seven_curses":26127,"minecraft:player_kills":1,"minecraft:swim_one_cm":564,"minecraft:interact_with_crafting_table":1,"minecraft:fly_one_cm":43936,"minecraft:crouch_one_cm":69,"minecraft:play_time":26194,"minecraft:deaths":2,"minecraft:sneak_time":75,"minecraft:walk_under_water_one_cm":5883,"minecraft:boat_one_cm":78582,"minecraft:jump":480,"minecraft:time_since_death":978,"minecraft:walk_on_water_one_cm":2324,"minecraft:total_world_time":26194,"minecraft:climb_one_cm":83,"minecraft:fall_one_cm":4906},"minecraft:killed_by":{"minecraft:skeleton":1,"minecraft:illusioner":1},"minecraft:crafted":{"minecraft:crafting_table":1,"minecraft:spruce_planks":12,"minecraft:wooden_pickaxe":1,"minecraft:wooden_axe":1},"minecraft:used":{"waystones:waystone":1,"minecraft:wooden_axe":8,"minecraft:sweet_berries":6,"minecraft:crafting_table":1},"minecraft:killed":{"minecraft:zombie":1},"minecraft:picked_up":{"minecraft:crafting_table":1,"minecraft:stick":6,"minecraft:sweet_berries":4,"environmental:cartwheel":1,"minecraft:spruce_sapling":11,"minecraft:spruce_log":13,"minecraft:dirt":22,"minecraft:rotten_flesh":1,"minecraft:cobblestone":2}},"DataVersion":3120}