{"stats":{"minecraft:mined":{"create:zinc_ore":8,"minecraft:tuff":2,"minecraft:deepslate_diamond_ore":1,"quark:shale":34,"minecraft:sculk_vein":9,"minecraft:glow_lichen":1,"minecraft:granite":8,"minecraft:grass_block":11,"tetra:forged_crate":1,"minecraft:spruce_leaves":3,"epicsamurai:deepslate_jade_ore":3,"minecraft:furnace":1,"iter_rpg:small_vase":1,"minecraft:iron_ore":57,"iter_rpg:void_quartz":1,"minecraft:fire":1,"minecraft:andesite":16,"treechop:chopped_log":3,"minecraft:sculk_shrieker":1,"iter_rpg:geodite":2,"minecraft:packed_ice":1,"minecraft:stone":457,"minecraft:deepslate_redstone_ore":7,"galosphere:deepslate_silver_ore":8,"minecraft:powder_snow":43,"minecraft:crafting_table":4,"minecraft:torch":7,"delightful:pumpkin_pie":1,"minecraft:emerald_ore":1,"tetra:forged_platform_slab":2,"minecraft:sculk_sensor":2,"galosphere:silver_ore":9,"minecraft:cobblestone":7,"minecraft:copper_ore":14,"minecraft:tall_grass":1,"minecraft:deepslate_gold_ore":5,"minecraft:sculk":2,"minecraft:diorite":22,"minecraft:wall_torch":14,"minecraft:blue_bed":2,"tetra:forged_pillar":1,"minecraft:purple_bed":1,"tetra:basic_workbench":1,"minecraft:sweet_berry_bush":2,"iter_rpg:deepslate_ametrine_ore":2,"minecraft:grass":1,"tetra:forged_workbench":1,"minecraft:coal_ore":82,"minecraft:dirt":18,"minecraft:gold_ore":3,"minecraft:deepslate":62,"minecraft:fern":1,"environmental:dwarf_spruce":4},"minecraft:custom":{"enigmaticlegacy:play_time_with_seven_curses":0,"lootr:looted_stat":21,"minecraft:mob_kills":18,"minecraft:interact_with_crafting_table":12,"minecraft:time_since_death":19731,"minecraft:climb_one_cm":6052,"minecraft:sprint_one_cm":287045,"minecraft:walk_one_cm":537377,"minecraft:drop":15,"minecraft:talked_to_villager":3,"minecraft:play_time":182194,"minecraft:deaths":17,"minecraft:sneak_time":13447,"minecraft:walk_under_water_one_cm":17787,"minecraft:boat_one_cm":78582,"minecraft:jump":2395,"minecraft:interact_with_blast_furnace":1,"minecraft:walk_on_water_one_cm":14209,"minecraft:total_world_time":182194,"minecraft:interact_with_furnace":15,"enigmaticlegacy:play_time_without_seven_curses":181606,"minecraft:sleep_in_bed":1,"minecraft:time_since_rest":3862,"minecraft:waystone_activated":1,"minecraft:damage_taken":5560,"minecraft:damage_dealt":3181,"minecraft:swim_one_cm":2873,"minecraft:fly_one_cm":237519,"minecraft:player_kills":3,"minecraft:crouch_one_cm":56076,"minecraft:fall_one_cm":62230},"minecraft:killed_by":{"minecraft:player":5,"minecraft:stray":1,"born_in_chaos_v1:corpse_fly":2,"minecraft:warden":1,"minecraft:skeleton":5,"minecraft:zombie":2,"minecraft:illusioner":1},"minecraft:used":{"create:veridium":1,"minecraft:torch":217,"minecraft:dirt":22,"born_in_chaos_v1:corpse_maggot":2,"minecraft:wooden_axe":43,"minecraft:sweet_berries":12,"minecraft:furnace":3,"minecraft:potato":31,"minecraft:stone_pickaxe":218,"minecraft:wooden_pickaxe":60,"minecraft:blue_bed":1,"minecraft:crafting_table":6,"environmental:cartwheel":1,"tetra:modular_double":239,"waystones:waystone":1,"minecraft:apple":7,"minecraft:bread":17,"minecraft:iron_pickaxe":465,"minecraft:cobblestone":272},"minecraft:crafted":{"minecraft:oak_planks":36,"minecraft:furnace":2,"minecraft:stone_pickaxe":1,"tetra:modular_double":2,"minecraft:crafting_table":3,"minecraft:spruce_planks":16,"minecraft:wooden_pickaxe":1,"minecraft:air":0,"minecraft:charcoal":7,"minecraft:stick":64,"minecraft:iron_pickaxe":3,"minecraft:iron_ingot":14,"minecraft:wooden_axe":1,"minecraft:torch":208},"minecraft:killed":{"minecraft:vindicator":1,"minecraft:spider":2,"minecraft:skeleton":2,"dungeons_mobs:wraith":1,"iter_rpg:spiderling":1,"minecraft:zombie":3,"born_in_chaos_v1:corpse_fly":6,"minecraft:stray":1},"minecraft:dropped":{"minecraft:cobblestone":89,"minecraft:granite":8,"minecraft:diorite":2,"tetra:holo":1,"minecraft:iron_pickaxe":1,"minecraft:string":3,"iter_rpg:potsherd":1,"minecraft:armor_stand":1,"minecraft:cobbled_deepslate":63,"quark:shale":34,"minecraft:stone":2,"tetra:metal_scrap":19},"minecraft:broken":{"minecraft:wooden_pickaxe":1,"minecraft:stone_pickaxe":2,"minecraft:iron_pickaxe":1,"minecraft:wooden_axe":1},"minecraft:picked_up":{"minecraft:crafting_table":6,"minecraft:ladder":3,"minecraft:string":6,"minecraft:raw_copper":44,"minecraft:iron_leggings":1,"minecraft:armor_stand":1,"epicsamurai:jade":3,"iter_rpg:ametrine_shard":5,"minecraft:cobbled_deepslate":63,"minecraft:bucket":1,"tetra:metal_scrap":36,"minecraft:iron_pickaxe":2,"minecraft:furnace":1,"minecraft:raw_iron":57,"minecraft:stick":9,"minecraft:stone":2,"minecraft:torch":57,"tetra:holo":2,"environmental:cartwheel":1,"minecraft:diorite":24,"born_in_chaos_v1:pieceofdarkmetal":2,"minecraft:redstone":28,"alexsmobs:centipede_leg":2,"iter_rpg:voidquartz_shard":2,"minecraft:arrow":2,"minecraft:rotten_flesh":1,"create:veridium":1,"minecraft:cobblestone":461,"born_in_chaos_v1:corpse_maggot":10,"minecraft:andesite":16,"create:raw_zinc":8,"minecraft:oak_log":9,"minecraft:golden_boots":1,"minecraft:dirt":27,"minecraft:blue_bed":2,"minecraft:apple":2,"minecraft:raw_gold":9,"iter_rpg:potsherd":1,"minecraft:iron_ingot":5,"minecraft:stone_pickaxe":1,"galosphere:raw_silver":17,"quark:shale":34,"minecraft:sweet_berries":4,"tetra:modular_double":1,"minecraft:spruce_sapling":12,"minecraft:spruce_log":13,"iter_rpg:stone_geode":12,"minecraft:diamond":1,"minecraft:iron_helmet":1,"minecraft:granite":8,"minecraft:emerald":1,"minecraft:oak_sapling":6,"minecraft:coal":88}},"DataVersion":3120}