{"stats":{"minecraft:mined":{"minecraft:furnace":1,"minecraft:iron_ore":1,"minecraft:sweet_berry_bush":2,"treechop:chopped_log":3,"minecraft:crafting_table":3,"minecraft:grass":1,"minecraft:coal_ore":3,"minecraft:grass_block":10,"minecraft:dirt":4,"minecraft:spruce_leaves":1,"minecraft:stone":45,"environmental:dwarf_spruce":4},"minecraft:custom":{"minecraft:time_since_rest":12000,"enigmaticlegacy:play_time_with_seven_curses":0,"minecraft:waystone_activated":1,"minecraft:interact_with_furnace":2,"minecraft:sprint_one_cm":76024,"minecraft:damage_taken":789,"minecraft:walk_one_cm":113687,"minecraft:damage_dealt":302,"enigmaticlegacy:play_time_without_seven_curses":38088,"minecraft:player_kills":2,"minecraft:swim_one_cm":564,"minecraft:interact_with_crafting_table":4,"minecraft:fly_one_cm":47561,"minecraft:crouch_one_cm":375,"minecraft:play_time":38194,"minecraft:deaths":3,"minecraft:sneak_time":211,"minecraft:walk_under_water_one_cm":7261,"minecraft:boat_one_cm":78582,"minecraft:jump":536,"minecraft:time_since_death":11961,"minecraft:walk_on_water_one_cm":4189,"minecraft:total_world_time":38194,"minecraft:climb_one_cm":83,"minecraft:fall_one_cm":6412},"minecraft:killed_by":{"minecraft:player":1,"minecraft:skeleton":1,"minecraft:illusioner":1},"minecraft:crafted":{"minecraft:oak_planks":12,"minecraft:charcoal":7,"minecraft:crafting_table":1,"minecraft:spruce_planks":12,"minecraft:wooden_pickaxe":1,"minecraft:stone_pickaxe":1,"minecraft:wooden_axe":1,"minecraft:furnace":1,"minecraft:torch":8},"minecraft:used":{"waystones:waystone":1,"minecraft:wooden_axe":27,"minecraft:stone_pickaxe":23,"minecraft:wooden_pickaxe":29,"minecraft:torch":5,"minecraft:sweet_berries":6,"minecraft:crafting_table":3,"minecraft:furnace":1,"environmental:cartwheel":1},"minecraft:killed":{"minecraft:zombie":1},"minecraft:picked_up":{"minecraft:raw_iron":1,"minecraft:crafting_table":3,"minecraft:stick":9,"minecraft:sweet_berries":4,"environmental:cartwheel":1,"minecraft:oak_log":9,"minecraft:spruce_sapling":11,"minecraft:spruce_log":13,"minecraft:dirt":24,"minecraft:rotten_flesh":1,"minecraft:apple":2,"minecraft:oak_sapling":6,"minecraft:coal":3,"minecraft:cobblestone":46,"minecraft:furnace":1}},"DataVersion":3120}