{"stats":{"minecraft:mined":{"create:zinc_ore":8,"minecraft:dark_prismarine":2,"minecraft:tuff":2,"minecraft:deepslate_diamond_ore":1,"quark:shale":34,"minecraft:sculk_vein":9,"minecraft:glow_lichen":1,"minecraft:granite":8,"minecraft:grass_block":11,"tetra:forged_crate":1,"minecraft:spruce_leaves":3,"epicsamurai:deepslate_jade_ore":3,"quark:bonded_leather":1,"minecraft:furnace":1,"iter_rpg:small_vase":1,"minecraft:iron_ore":57,"iter_rpg:void_quartz":1,"minecraft:fire":3,"minecraft:andesite":16,"treechop:chopped_log":3,"minecraft:sculk_shrieker":1,"iter_rpg:geodite":2,"minecraft:packed_ice":1,"minecraft:white_banner":1,"minecraft:stone":462,"minecraft:deepslate_redstone_ore":7,"galosphere:deepslate_silver_ore":8,"minecraft:powder_snow":43,"minecraft:crafting_table":4,"minecraft:torch":8,"delightful:pumpkin_pie":1,"minecraft:emerald_ore":1,"tetra:forged_platform_slab":2,"minecraft:campfire":1,"minecraft:sculk_sensor":2,"galosphere:silver_ore":9,"minecraft:cobblestone":11,"minecraft:copper_ore":14,"minecraft:tall_grass":1,"minecraft:deepslate_gold_ore":5,"minecraft:sculk":2,"minecraft:diorite":22,"supplementaries:cage":1,"minecraft:wall_torch":14,"minecraft:blue_bed":4,"tetra:forged_pillar":1,"minecraft:cyan_wool":1,"minecraft:purple_bed":1,"tetra:basic_workbench":1,"minecraft:sweet_berry_bush":4,"iter_rpg:deepslate_ametrine_ore":2,"minecraft:grass":2,"tetra:forged_workbench":1,"minecraft:coal_ore":82,"minecraft:dirt":18,"upgrade_aquatic:beachgrass":2,"minecraft:gold_ore":3,"minecraft:deepslate":62,"minecraft:fern":7,"environmental:dwarf_spruce":4},"minecraft:custom":{"enigmaticlegacy:play_time_with_seven_curses":0,"lootr:looted_stat":26,"minecraft:mob_kills":31,"minecraft:interact_with_crafting_table":15,"minecraft:damage_dealt_resisted":414,"minecraft:time_since_death":34,"minecraft:climb_one_cm":7273,"minecraft:sprint_one_cm":414094,"minecraft:walk_one_cm":673946,"minecraft:drop":21,"minecraft:talked_to_villager":3,"minecraft:play_time":218194,"minecraft:deaths":30,"minecraft:sneak_time":14209,"minecraft:walk_under_water_one_cm":20106,"minecraft:boat_one_cm":78582,"minecraft:jump":3058,"minecraft:interact_with_blast_furnace":1,"minecraft:walk_on_water_one_cm":23903,"minecraft:total_world_time":218194,"minecraft:interact_with_furnace":16,"enigmaticlegacy:play_time_without_seven_curses":217217,"minecraft:interact_with_grindstone":1,"minecraft:sleep_in_bed":3,"minecraft:time_since_rest":60,"minecraft:waystone_activated":1,"minecraft:damage_taken":10712,"minecraft:damage_dealt":8863,"minecraft:swim_one_cm":3036,"minecraft:fly_one_cm":342596,"minecraft:player_kills":3,"minecraft:crouch_one_cm":60806,"minecraft:fall_one_cm":97747},"minecraft:killed_by":{"minecraft:player":7,"minecraft:wither_skeleton":2,"minecraft:stray":1,"minecraft:spider":1,"minecraft:pillager":2,"born_in_chaos_v1:corpse_fly":2,"minecraft:vindicator":1,"minecraft:warden":1,"minecraft:skeleton":8,"minecraft:zombie":2,"minecraft:illusioner":1},"minecraft:used":{"create:veridium":1,"minecraft:iron_sword":38,"minecraft:torch":257,"minecraft:dirt":22,"born_in_chaos_v1:corpse_maggot":2,"minecraft:wooden_axe":43,"minecraft:sweet_berries":26,"minecraft:furnace":3,"minecraft:potato":31,"minecraft:stone_pickaxe":218,"minecraft:wooden_pickaxe":60,"minecraft:blue_bed":4,"minecraft:crafting_table":8,"environmental:cartwheel":1,"tetra:modular_double":332,"waystones:waystone":1,"minecraft:apple":7,"minecraft:bread":42,"minecraft:iron_pickaxe":465,"minecraft:diamond_sword":47,"minecraft:cobblestone":329},"minecraft:crafted":{"minecraft:oak_planks":36,"minecraft:furnace":2,"minecraft:iron_boots":1,"minecraft:stone_pickaxe":1,"tetra:modular_double":2,"minecraft:crafting_table":3,"minecraft:spruce_planks":16,"minecraft:wooden_pickaxe":1,"minecraft:iron_sword":1,"minecraft:air":0,"minecraft:charcoal":7,"minecraft:stick":64,"minecraft:iron_pickaxe":3,"minecraft:iron_ingot":14,"minecraft:wooden_axe":1,"minecraft:torch":232},"minecraft:dropped":{"minecraft:cobblestone":89,"minecraft:granite":8,"minecraft:diorite":2,"tetra:holo":1,"minecraft:iron_pickaxe":1,"minecraft:string":5,"minecraft:white_wool":8,"iter_rpg:potsherd":1,"minecraft:bone":1,"minecraft:armor_stand":1,"minecraft:cobbled_deepslate":63,"quark:shale":34,"minecraft:diamond_sword":1,"minecraft:stone":2,"minecraft:arrow":1,"tetra:metal_scrap":19,"farmersdelight:ham":1},"minecraft:killed":{"minecraft:cave_spider":2,"minecraft:vindicator":2,"minecraft:spider":7,"minecraft:skeleton":2,"dungeons_mobs:wraith":1,"iter_rpg:spiderling":1,"minecraft:pillager":2,"minecraft:zombie":3,"born_in_chaos_v1:corpse_fly":6,"minecraft:stray":1,"minecraft:wither_skeleton":3},"minecraft:broken":{"minecraft:golden_boots":1,"minecraft:wooden_pickaxe":1,"minecraft:stone_pickaxe":2,"minecraft:iron_pickaxe":1,"minecraft:iron_helmet":1,"minecraft:wooden_axe":1},"minecraft:picked_up":{"minecraft:crafting_table":6,"minecraft:ladder":3,"minecraft:diamond_sword":2,"minecraft:string":18,"minecraft:raw_copper":44,"quark:bonded_leather":1,"minecraft:iron_leggings":1,"minecraft:armor_stand":1,"epicsamurai:jade":3,"iter_rpg:ametrine_shard":5,"minecraft:cobbled_deepslate":63,"minecraft:bucket":1,"tetra:metal_scrap":36,"minecraft:smooth_quartz":3,"minecraft:iron_pickaxe":2,"minecraft:furnace":1,"minecraft:raw_iron":57,"minecraft:stick":9,"minecraft:stone":2,"minecraft:torch":58,"tetra:holo":2,"environmental:cartwheel":1,"minecraft:diorite":24,"born_in_chaos_v1:pieceofdarkmetal":2,"minecraft:redstone":28,"alexsmobs:centipede_leg":2,"iter_rpg:voidquartz_shard":2,"minecraft:arrow":3,"minecraft:rotten_flesh":1,"create:veridium":1,"minecraft:cobblestone":464,"born_in_chaos_v1:corpse_maggot":10,"minecraft:andesite":16,"create:raw_zinc":8,"minecraft:oak_log":9,"minecraft:golden_boots":1,"minecraft:dirt":27,"minecraft:blue_bed":5,"minecraft:bone":1,"minecraft:apple":2,"minecraft:raw_gold":9,"iter_rpg:potsherd":1,"minecraft:iron_ingot":12,"minecraft:stone_pickaxe":1,"galosphere:raw_silver":17,"quark:shale":34,"minecraft:sweet_berries":10,"tetra:modular_double":1,"minecraft:spruce_sapling":12,"minecraft:spruce_log":13,"iter_rpg:stone_geode":12,"minecraft:dark_prismarine":2,"minecraft:diamond":1,"minecraft:iron_helmet":1,"minecraft:granite":8,"minecraft:emerald":1,"minecraft:oak_sapling":6,"minecraft:coal":88}},"DataVersion":3120}