{"stats":{"minecraft:mined":{"minecraft:grass_block":10,"minecraft:dirt":2,"minecraft:sweet_berry_bush":2,"environmental:dwarf_spruce":4},"minecraft:custom":{"minecraft:time_since_rest":1970,"enigmaticlegacy:play_time_with_seven_curses":0,"minecraft:waystone_activated":1,"minecraft:play_time":14194,"minecraft:sprint_one_cm":18967,"minecraft:deaths":1,"minecraft:damage_taken":245,"minecraft:walk_one_cm":58795,"minecraft:jump":279,"minecraft:damage_dealt":164,"minecraft:time_since_death":1939,"enigmaticlegacy:play_time_without_seven_curses":14163,"minecraft:total_world_time":14194,"minecraft:fly_one_cm":23720,"minecraft:fall_one_cm":2301,"minecraft:player_kills":1},"minecraft:killed_by":{"minecraft:skeleton":1},"minecraft:used":{"waystones:waystone":1,"minecraft:sweet_berries":6},"minecraft:killed":{"minecraft:zombie":1},"minecraft:picked_up":{"minecraft:stick":4,"minecraft:rotten_flesh":1,"minecraft:sweet_berries":4,"minecraft:dirt":22}},"DataVersion":3120}