{"stats":{"minecraft:dropped":{"minecraft:water_bucket":1,"minecraft:wheat_seeds":40,"minecraft:mossy_cobblestone":1,"minecraft:crossbow":1,"minecraft:cobblestone":2,"minecraft:jungle_wood":1,"delightful:green_tea_leaf":1,"minecraft:cracked_stone_bricks":1,"twigs:pebble":2,"minecraft:dirt":3,"minecraft:cobweb":2,"minecraft:mud_brick_wall":1,"minecraft:stone_button":1,"backpacked:backpack":1,"minecraft:jungle_sapling":4,"minecraft:sand":1,"minecraft:oak_stairs":1,"minecraft:paper":2,"minecraft:dark_oak_planks":3,"minecraft:dark_oak_boat":1,"minecraft:tripwire_hook":1,"spawnersplus:spawner_fragment":1,"biomesoplenty:toadstool":1,"minecraft:compass":1,"minecraft:iron_nugget":2,"minecraft:cobblestone_wall":2,"minecraft:rotten_flesh":5,"minecraft:carrot":25,"minecraft:stripped_bamboo_block":2,"minecraft:bamboo_fence":1,"farmersdelight:cutting_board":1,"minecraft:leather_chestplate":3,"minecraft:allium":7,"minecraft:stone_pressure_plate":64,"minecraft:stone_bricks":2,"minecraft:bow":1,"alexsmobs:banana":1,"minecraft:stone_brick_stairs":2},"minecraft:broken":{"minecraft:stone_pickaxe":1,"minecraft:iron_pickaxe":1,"minecraft:wooden_axe":1},"minecraft:killed":{"minecraft:cave_spider":1,"minecraft:spider":1,"minecraft:phantom":1,"minecraft:skeleton":9,"deeperdarker:sculk_leech":5,"alexsmobs:bison":1,"friendsandfoes:copper_golem":1,"deeperdarker:stalker":1,"minecraft:husk":5,"minecraft:pillager":1,"minecraft:zombie":1,"minecraft:player":1,"minecraft:enderman":2,"minecraft:cow":12},"minecraft:mined":{"minecraft:stone_pressure_plate":174,"farmersdelight:onions":1,"minecraft:mossy_cobblestone":4,"minecraft:bamboo_fence":3,"farmersdelight:wild_carrots":19,"minecraft:jungle_leaves":116,"farmersdelight:tomato_crate":1,"minecraft:allium":2,"minecraft:grass_block":10,"minecraft:infested_cobblestone":1,"minecraft:deepslate_bricks":2,"minecraft:mud_brick_wall":1,"minecraft:red_mushroom":1,"minecraft:waxed_weathered_copper":1,"minecraft:hay_block":61,"minecraft:large_fern":1,"farmersdelight:wild_onions":3,"biomesoplenty:jacaranda_log":33,"biomesoplenty:tall_lavender":1,"minecraft:furnace":1,"minecraft:carrots":17,"minecraft:iron_ore":36,"minecraft:sticky_piston":5,"minecraft:fire":1,"minecraft:brown_bed":1,"minecraft:dirt_path":2,"minecraft:potatoes":4,"minecraft:oak_stairs":1,"minecraft:stripped_bamboo_block":2,"minecraft:stone":94,"farmersdelight:wild_potatoes":3,"minecraft:tripwire":1,"minecraft:piston_head":5,"biomesoplenty:jacaranda_leaves":1,"minecraft:brown_mushroom":3,"minecraft:red_bed":3,"deeperdarker:ancient_vase":11,"biomesoplenty:jacaranda_planks":6,"minecraft:soul_fire":3,"minecraft:stone_brick_slab":1,"minecraft:polished_granite":1,"minecraft:crafting_table":7,"minecraft:torch":8,"farmersdelight:cabbage_crate":1,"farmersdelight:brown_mushroom_colony":1,"farmersdelight:onion_crate":8,"minecraft:tall_grass":3,"minecraft:cobblestone":18,"minecraft:cyan_bed":1,"biomesoplenty:huge_clover_petal":1,"minecraft:wall_torch":7,"supplementaries:urn":4,"minecraft:purple_bed":1,"minecraft:coarse_dirt":1,"minecraft:jungle_wood":1,"minecraft:cobblestone_wall":2,"farmersdelight:cutting_board":1,"minecraft:wheat":14,"minecraft:stone_brick_stairs":2,"minecraft:grass":29,"biomesoplenty:clover":1,"minecraft:coal_ore":62,"minecraft:oak_log":82,"minecraft:gravel":1,"minecraft:dirt":8,"minecraft:gray_carpet":1,"minecraft:cobweb":23,"minecraft:smooth_basalt":9,"minecraft:cracked_stone_bricks":1,"minecraft:tripwire_hook":1,"minecraft:stone_bricks":2,"minecraft:mossy_stone_bricks":8,"minecraft:oak_leaves":8,"minecraft:fern":10},"minecraft:killed_by":{"minecraft:husk":5,"minecraft:creeper":1,"minecraft:spider":1,"minecraft:enderman":1,"minecraft:vindicator":3,"minecraft:warden":3,"minecraft:skeleton":2,"minecraft:zombie":1,"deeperdarker:stalker":2},"minecraft:custom":{"minecraft:inspect_dropper":4,"minecraft:mob_kills":43,"minecraft:interact_with_crafting_table":27,"minecraft:open_barrel":28,"minecraft:bell_ring":7,"minecraft:damage_dealt_resisted":608,"minecraft:time_since_death":30598,"minecraft:climb_one_cm":14504,"minecraft:sprint_one_cm":469687,"minecraft:walk_one_cm":604675,"minecraft:drop":51,"minecraft:talked_to_villager":4,"minecraft:play_time":232733,"minecraft:deaths":22,"minecraft:sneak_time":29723,"minecraft:walk_under_water_one_cm":11179,"minecraft:boat_one_cm":6704,"minecraft:jump":3365,"minecraft:interact_with_blast_furnace":1,"minecraft:walk_on_water_one_cm":40798,"minecraft:total_world_time":232733,"minecraft:interact_with_furnace":5,"minecraft:sleep_in_bed":8,"minecraft:time_since_rest":4614,"minecraft:damage_taken":9274,"minecraft:damage_dealt":8406,"minecraft:swim_one_cm":5929,"minecraft:fly_one_cm":497790,"minecraft:player_kills":2,"minecraft:open_chest":55,"minecraft:crouch_one_cm":158858,"minecraft:interact_with_smoker":1,"minecraft:inspect_dispenser":4,"minecraft:fall_one_cm":89790},"minecraft:used":{"minecraft:iron_sword":306,"minecraft:torch":33,"minecraft:dirt":4,"minecraft:carrot":88,"minecraft:wooden_axe":137,"minecraft:iron_axe":10,"biomesoplenty:jacaranda_log":6,"minecraft:stone_bricks":1,"delightful:green_tea_leaf":1,"minecraft:bow":42,"minecraft:beef":10,"minecraft:furnace":1,"minecraft:brown_bed":1,"alexsmobs:cooked_catfish":1,"minecraft:water_bucket":1,"minecraft:stone_pickaxe":171,"minecraft:oak_planks":4,"minecraft:wooden_pickaxe":71,"minecraft:cracked_stone_bricks":1,"farmersdelight:onion":42,"minecraft:crafting_table":8,"minecraft:red_bed":2,"minecraft:crossbow":7,"minecraft:cod":2,"biomesoplenty:jacaranda_planks":66,"minecraft:apple":1,"minecraft:bread":16,"minecraft:cyan_bed":1,"minecraft:iron_pickaxe":248,"minecraft:cobblestone":91,"minecraft:purple_bed":1,"minecraft:bucket":1,"minecraft:experience_bottle":3},"minecraft:picked_up":{"minecraft:coarse_dirt":1,"minecraft:crafting_table":8,"minecraft:wheat":14,"minecraft:allium":9,"minecraft:brown_mushroom":8,"minecraft:oak_stairs":1,"minecraft:brown_bed":1,"biomesoplenty:jacaranda_sapling":11,"minecraft:stone_brick_stairs":2,"spawnersplus:spawner_fragment":1,"farmersdelight:cutting_board":1,"minecraft:string":44,"minecraft:red_bed":3,"minecraft:iron_axe":1,"minecraft:cracked_stone_bricks":2,"alexsmobs:banana":1,"minecraft:waxed_weathered_copper":1,"delightful:acorn":10,"minecraft:bucket":1,"twigs:pebble":3,"minecraft:beef":39,"minecraft:rose_bush":1,"minecraft:jungle_sapling":4,"minecraft:iron_nugget":2,"minecraft:enchanted_golden_apple":1,"delightful:green_tea_leaf":7,"minecraft:furnace":3,"minecraft:stick":6,"minecraft:raw_iron":36,"farmersdelight:cabbage_crate":1,"minecraft:copper_ingot":1,"minecraft:torch":39,"minecraft:stone_button":1,"minecraft:carrot":73,"minecraft:redstone":15,"minecraft:stone_pressure_plate":64,"minecraft:dark_oak_planks":3,"farmersdelight:tomato_crate":1,"minecraft:arrow":18,"deeperdarker:soul_dust":4,"minecraft:rotten_flesh":19,"biomesoplenty:jacaranda_log":30,"farmersdelight:onion":3,"minecraft:deepslate_bricks":4,"minecraft:hay_block":56,"minecraft:gold_ingot":4,"supplementaries:ash":5,"minecraft:cobblestone":120,"minecraft:leather_chestplate":2,"farmersdelight:onion_crate":7,"minecraft:tripwire_hook":1,"minecraft:water_bucket":1,"minecraft:dark_oak_boat":1,"minecraft:leather":15,"minecraft:jungle_wood":1,"minecraft:red_mushroom":1,"minecraft:potato":16,"alexsmobs:bison_fur":1,"minecraft:oak_log":82,"biomesoplenty:jacaranda_planks":6,"minecraft:cobblestone_wall":2,"minecraft:dirt":25,"minecraft:polished_granite":1,"minecraft:stripped_bamboo_block":2,"minecraft:bone":14,"minecraft:apple":1,"minecraft:stone_bricks":3,"minecraft:gray_carpet":1,"minecraft:bow":2,"minecraft:wheat_seeds":44,"minecraft:iron_ingot":7,"minecraft:cobweb":5,"minecraft:stripped_oak_wood":1,"twigs:twig":29,"minecraft:iron_sword":1,"biomesoplenty:toadstool":1,"minecraft:smooth_basalt":8,"minecraft:bamboo_fence":1,"minecraft:stone_brick_slab":1,"minecraft:gravel":1,"minecraft:sand":6,"deeperdarker:soul_crystal":1,"minecraft:mud_brick_wall":1,"minecraft:cyan_bed":2,"minecraft:mossy_cobblestone":2,"minecraft:purple_bed":1,"minecraft:crossbow":1,"minecraft:golden_apple":2,"minecraft:emerald":1,"minecraft:oak_sapling":39,"minecraft:coal":69,"minecraft:ender_pearl":1},"minecraft:crafted":{"minecraft:oak_planks":48,"farmersdelight:cabbage":9,"minecraft:furnace":1,"minecraft:stone_pickaxe":2,"farmersdelight:tomato":9,"backpacked:backpack":2,"minecraft:wheat":153,"biomesoplenty:jacaranda_planks":96,"minecraft:crafting_table":2,"minecraft:wooden_pickaxe":2,"minecraft:bread":55,"minecraft:air":0,"minecraft:iron_chestplate":1,"minecraft:stick":32,"minecraft:iron_ingot":4,"minecraft:wooden_axe":3,"minecraft:iron_leggings":1,"minecraft:torch":8,"farmersdelight:onion":18}},"DataVersion":3465}