{"stats":{"minecraft:mined":{"minecraft:furnace":1,"iter_rpg:void_quartz":1,"minecraft:sculk_vein":1,"minecraft:fire":1,"minecraft:iron_ore":7,"minecraft:sweet_berry_bush":2,"minecraft:glow_lichen":1,"treechop:chopped_log":3,"minecraft:crafting_table":3,"minecraft:grass":1,"minecraft:coal_ore":41,"minecraft:grass_block":10,"minecraft:dirt":4,"galosphere:silver_ore":9,"minecraft:copper_ore":14,"minecraft:spruce_leaves":1,"minecraft:stone":58,"environmental:dwarf_spruce":4},"minecraft:custom":{"minecraft:time_since_rest":3546,"enigmaticlegacy:play_time_with_seven_curses":0,"minecraft:waystone_activated":1,"minecraft:interact_with_furnace":10,"minecraft:sprint_one_cm":78255,"minecraft:damage_taken":1019,"minecraft:walk_one_cm":141170,"minecraft:mob_kills":1,"minecraft:drop":1,"minecraft:damage_dealt":342,"enigmaticlegacy:play_time_without_seven_curses":50059,"minecraft:player_kills":2,"minecraft:swim_one_cm":925,"minecraft:interact_with_crafting_table":6,"minecraft:fly_one_cm":48442,"minecraft:crouch_one_cm":5348,"minecraft:play_time":50194,"minecraft:deaths":4,"minecraft:sneak_time":1441,"minecraft:walk_under_water_one_cm":9562,"minecraft:boat_one_cm":78582,"minecraft:jump":610,"minecraft:time_since_death":3517,"minecraft:walk_on_water_one_cm":9646,"minecraft:total_world_time":50194,"minecraft:climb_one_cm":83,"minecraft:fall_one_cm":7957},"minecraft:killed_by":{"minecraft:player":1,"minecraft:skeleton":2,"minecraft:illusioner":1},"minecraft:crafted":{"minecraft:oak_planks":12,"minecraft:charcoal":7,"minecraft:crafting_table":1,"minecraft:spruce_planks":12,"minecraft:stick":12,"minecraft:iron_pickaxe":2,"minecraft:iron_ingot":9,"minecraft:wooden_pickaxe":1,"minecraft:stone_pickaxe":1,"minecraft:wooden_axe":1,"minecraft:furnace":1,"minecraft:torch":40,"minecraft:air":0},"minecraft:used":{"waystones:waystone":1,"minecraft:wooden_axe":28,"minecraft:apple":2,"minecraft:iron_pickaxe":25,"minecraft:stone_pickaxe":82,"minecraft:wooden_pickaxe":29,"minecraft:torch":36,"minecraft:sweet_berries":6,"minecraft:crafting_table":4,"minecraft:furnace":2,"environmental:cartwheel":1},"minecraft:dropped":{"minecraft:iron_pickaxe":1},"minecraft:killed":{"minecraft:zombie":1},"minecraft:picked_up":{"minecraft:raw_iron":7,"minecraft:crafting_table":3,"minecraft:stick":9,"minecraft:sweet_berries":4,"minecraft:torch":1,"environmental:cartwheel":1,"minecraft:oak_log":9,"minecraft:spruce_sapling":11,"minecraft:spruce_log":13,"minecraft:dirt":24,"minecraft:raw_copper":44,"iter_rpg:voidquartz_shard":2,"minecraft:rotten_flesh":1,"minecraft:apple":2,"galosphere:raw_silver":9,"minecraft:oak_sapling":6,"minecraft:coal":40,"minecraft:cobblestone":60,"minecraft:furnace":1}},"DataVersion":3120}