{"stats":{"minecraft:mined":{"minecraft:deepslate_redstone_ore":7,"minecraft:deepslate_diamond_ore":1,"minecraft:sculk_vein":9,"minecraft:torch":1,"minecraft:crafting_table":3,"minecraft:glow_lichen":1,"minecraft:granite":4,"minecraft:grass_block":10,"minecraft:sculk_sensor":2,"galosphere:silver_ore":9,"minecraft:tall_grass":1,"minecraft:copper_ore":14,"minecraft:cobblestone":4,"minecraft:spruce_leaves":3,"minecraft:deepslate_gold_ore":5,"minecraft:sculk":1,"minecraft:diorite":11,"minecraft:wall_torch":3,"epicsamurai:deepslate_jade_ore":3,"minecraft:furnace":1,"iter_rpg:small_vase":1,"minecraft:sweet_berry_bush":2,"minecraft:iron_ore":10,"iter_rpg:void_quartz":1,"minecraft:fire":1,"iter_rpg:deepslate_ametrine_ore":2,"treechop:chopped_log":3,"minecraft:grass":1,"minecraft:sculk_shrieker":1,"minecraft:coal_ore":71,"minecraft:dirt":7,"minecraft:stone":308,"minecraft:gold_ore":3,"minecraft:deepslate":8,"environmental:dwarf_spruce":4},"minecraft:custom":{"enigmaticlegacy:play_time_with_seven_curses":0,"minecraft:interact_with_furnace":10,"minecraft:mob_kills":11,"enigmaticlegacy:play_time_without_seven_curses":97748,"minecraft:interact_with_crafting_table":6,"minecraft:time_since_death":6644,"minecraft:climb_one_cm":91,"minecraft:time_since_rest":6679,"minecraft:waystone_activated":1,"minecraft:sprint_one_cm":127122,"minecraft:damage_taken":3450,"minecraft:walk_one_cm":278120,"minecraft:drop":3,"minecraft:damage_dealt":1720,"minecraft:swim_one_cm":2873,"minecraft:fly_one_cm":95274,"minecraft:player_kills":2,"minecraft:crouch_one_cm":48889,"minecraft:play_time":98194,"minecraft:deaths":13,"minecraft:sneak_time":11448,"minecraft:walk_under_water_one_cm":17149,"minecraft:boat_one_cm":78582,"minecraft:jump":1042,"minecraft:walk_on_water_one_cm":12734,"minecraft:total_world_time":98194,"minecraft:fall_one_cm":22977},"minecraft:killed_by":{"minecraft:warden":1,"minecraft:player":5,"minecraft:skeleton":4,"minecraft:zombie":1,"born_in_chaos_v1:corpse_fly":1,"minecraft:illusioner":1},"minecraft:used":{"minecraft:stone_pickaxe":217,"create:veridium":1,"minecraft:wooden_pickaxe":60,"minecraft:torch":165,"minecraft:dirt":22,"minecraft:crafting_table":4,"environmental:cartwheel":1,"born_in_chaos_v1:corpse_maggot":2,"waystones:waystone":1,"minecraft:wooden_axe":43,"minecraft:apple":2,"minecraft:iron_pickaxe":231,"minecraft:sweet_berries":6,"minecraft:furnace":2},"minecraft:crafted":{"minecraft:oak_planks":28,"minecraft:crafting_table":1,"minecraft:spruce_planks":12,"minecraft:wooden_pickaxe":1,"minecraft:furnace":1,"minecraft:air":0,"minecraft:charcoal":7,"minecraft:stick":44,"minecraft:iron_ingot":9,"minecraft:iron_pickaxe":2,"minecraft:stone_pickaxe":1,"minecraft:wooden_axe":1,"minecraft:torch":168},"minecraft:dropped":{"minecraft:diorite":2,"minecraft:iron_pickaxe":1},"minecraft:killed":{"minecraft:spider":2,"dungeons_mobs:wraith":1,"iter_rpg:spiderling":1,"minecraft:skeleton":1,"minecraft:zombie":2,"born_in_chaos_v1:corpse_fly":3},"minecraft:picked_up":{"born_in_chaos_v1:corpse_maggot":2,"minecraft:crafting_table":3,"minecraft:oak_log":9,"minecraft:string":3,"minecraft:dirt":27,"minecraft:raw_copper":44,"epicsamurai:jade":3,"minecraft:apple":2,"iter_rpg:ametrine_shard":5,"minecraft:cobbled_deepslate":6,"minecraft:raw_gold":9,"minecraft:stone_pickaxe":1,"iter_rpg:potsherd":1,"galosphere:raw_silver":9,"minecraft:furnace":1,"minecraft:stick":9,"minecraft:raw_iron":10,"minecraft:stone":1,"minecraft:sweet_berries":4,"minecraft:torch":12,"environmental:cartwheel":1,"minecraft:spruce_sapling":12,"minecraft:diorite":13,"minecraft:spruce_log":13,"minecraft:redstone":28,"alexsmobs:centipede_leg":2,"iter_rpg:voidquartz_shard":2,"minecraft:arrow":2,"minecraft:rotten_flesh":1,"minecraft:diamond":1,"minecraft:granite":4,"create:veridium":1,"minecraft:oak_sapling":6,"minecraft:coal":67,"minecraft:cobblestone":312},"minecraft:broken":{"minecraft:stone_pickaxe":1,"minecraft:wooden_axe":1,"minecraft:wooden_pickaxe":1}},"DataVersion":3120}