{"stats":{"minecraft:dropped":{"minecraft:compass":1,"twigs:pebble":2,"minecraft:paper":2},"minecraft:mined":{"biomesoplenty:jacaranda_leaves":1,"minecraft:brown_mushroom":3,"farmersdelight:wild_carrots":7,"farmersdelight:tomato_crate":1,"minecraft:crafting_table":2,"farmersdelight:cabbage_crate":1,"minecraft:allium":2,"minecraft:grass_block":3,"farmersdelight:brown_mushroom_colony":1,"farmersdelight:onion_crate":2,"minecraft:tall_grass":1,"biomesoplenty:huge_clover_petal":1,"minecraft:red_mushroom":1,"minecraft:large_fern":1,"minecraft:purple_bed":1,"biomesoplenty:jacaranda_log":33,"biomesoplenty:tall_lavender":1,"minecraft:carrots":3,"minecraft:iron_ore":3,"minecraft:grass":21,"biomesoplenty:clover":1,"minecraft:potatoes":4,"minecraft:oak_log":5,"minecraft:coal_ore":14,"minecraft:stone":7,"farmersdelight:wild_potatoes":3},"minecraft:crafted":{"minecraft:oak_planks":20,"farmersdelight:cabbage":9,"minecraft:crafting_table":1,"minecraft:wooden_pickaxe":1,"minecraft:stick":12,"minecraft:stone_pickaxe":1,"minecraft:wooden_axe":1,"farmersdelight:tomato":9,"farmersdelight:onion":18},"minecraft:used":{"minecraft:stone_pickaxe":4,"minecraft:wooden_pickaxe":40,"minecraft:iron_sword":36,"minecraft:dirt":1,"minecraft:crafting_table":3,"minecraft:carrot":10,"minecraft:wooden_axe":47,"minecraft:apple":1,"minecraft:bread":6,"biomesoplenty:jacaranda_log":6,"delightful:green_tea_leaf":1,"minecraft:beef":2,"minecraft:experience_bottle":3},"minecraft:killed_by":{"minecraft:vindicator":3,"minecraft:skeleton":1},"minecraft:picked_up":{"minecraft:crafting_table":3,"minecraft:allium":2,"farmersdelight:onion_crate":2,"minecraft:leather":1,"minecraft:brown_mushroom":8,"minecraft:red_mushroom":1,"minecraft:potato":16,"biomesoplenty:jacaranda_sapling":11,"minecraft:oak_log":5,"minecraft:dirt":10,"minecraft:bone":3,"minecraft:bow":1,"minecraft:wheat_seeds":3,"minecraft:bucket":1,"twigs:pebble":2,"minecraft:beef":2,"minecraft:rose_bush":1,"twigs:twig":13,"delightful:green_tea_leaf":1,"minecraft:iron_sword":1,"minecraft:furnace":2,"minecraft:raw_iron":3,"farmersdelight:cabbage_crate":1,"minecraft:carrot":26,"farmersdelight:tomato_crate":1,"minecraft:arrow":1,"minecraft:purple_bed":1,"biomesoplenty:jacaranda_log":30,"minecraft:crossbow":1,"minecraft:emerald":1,"minecraft:oak_sapling":2,"minecraft:coal":14,"minecraft:cobblestone":12},"minecraft:custom":{"minecraft:mob_kills":5,"minecraft:interact_with_crafting_table":5,"minecraft:time_since_death":6789,"minecraft:sleep_in_bed":1,"minecraft:climb_one_cm":1419,"minecraft:time_since_rest":6818,"minecraft:sprint_one_cm":137401,"minecraft:damage_taken":1362,"minecraft:walk_one_cm":103091,"minecraft:drop":3,"minecraft:damage_dealt":1339,"minecraft:swim_one_cm":295,"minecraft:fly_one_cm":130634,"minecraft:open_chest":15,"minecraft:crouch_one_cm":1716,"minecraft:play_time":36637,"minecraft:deaths":4,"minecraft:sneak_time":765,"minecraft:walk_under_water_one_cm":60,"minecraft:jump":837,"minecraft:walk_on_water_one_cm":1429,"minecraft:total_world_time":36637,"minecraft:fall_one_cm":14899},"minecraft:killed":{"minecraft:skeleton":2,"minecraft:pillager":1,"minecraft:zombie":1,"minecraft:cow":1}},"DataVersion":3465}