{"stats":{"minecraft:mined":{"minecraft:large_fern":1,"farmersdelight:wild_carrots":4,"minecraft:crafting_table":1,"minecraft:grass":7,"minecraft:grass_block":2,"minecraft:oak_log":5,"minecraft:tall_grass":1,"biomesoplenty:huge_clover_petal":1,"minecraft:stone":6},"minecraft:crafted":{"minecraft:oak_planks":16,"minecraft:crafting_table":1,"minecraft:stick":4,"minecraft:wooden_pickaxe":1,"minecraft:wooden_axe":1},"minecraft:used":{"minecraft:wooden_axe":7,"minecraft:wooden_pickaxe":23,"delightful:green_tea_leaf":1,"minecraft:beef":2,"minecraft:crafting_table":1,"minecraft:carrot":10},"minecraft:picked_up":{"minecraft:crafting_table":1,"minecraft:leather":1,"minecraft:oak_log":5,"minecraft:carrot":4,"minecraft:dirt":2,"minecraft:wheat_seeds":1,"minecraft:beef":2,"minecraft:rose_bush":1,"minecraft:oak_sapling":2,"twigs:twig":5,"delightful:green_tea_leaf":1,"minecraft:cobblestone":6},"minecraft:custom":{"minecraft:time_since_rest":12637,"minecraft:sprint_one_cm":51083,"minecraft:damage_taken":192,"minecraft:walk_one_cm":28975,"minecraft:mob_kills":1,"minecraft:damage_dealt":359,"minecraft:interact_with_crafting_table":3,"minecraft:swim_one_cm":295,"minecraft:fly_one_cm":57268,"minecraft:open_chest":1,"minecraft:crouch_one_cm":333,"minecraft:play_time":12637,"minecraft:sneak_time":71,"minecraft:walk_under_water_one_cm":60,"minecraft:jump":364,"minecraft:time_since_death":12637,"minecraft:walk_on_water_one_cm":1288,"minecraft:total_world_time":12637,"minecraft:fall_one_cm":5995},"minecraft:killed":{"minecraft:cow":1}},"DataVersion":3465}