{"stats":{"minecraft:mined":{"minecraft:large_fern":1,"environmental:cartwheel":1,"minecraft:spruce_planks":2,"minecraft:furnace":1,"minecraft:iron_ore":13,"minecraft:sweet_berry_bush":2,"atmospheric:flowering_morado_leaves":2,"minecraft:birch_leaves":1,"born_in_chaos_v1:infected_diamond_ore":2,"treechop:chopped_log":8,"minecraft:crafting_table":3,"minecraft:grass":2,"minecraft:grass_block":2,"minecraft:coal_ore":14,"environmental:dwarf_spruce_plant":1,"minecraft:dirt":8,"minecraft:spruce_leaves":3,"minecraft:stone":80,"minecraft:wall_torch":1,"minecraft:fern":1},"minecraft:custom":{"minecraft:waystone_activated":1,"minecraft:time_since_rest":11611,"enigmaticlegacy:play_time_with_seven_curses":0,"minecraft:interact_with_furnace":1,"minecraft:sprint_one_cm":51206,"minecraft:damage_taken":1135,"minecraft:walk_one_cm":162426,"minecraft:mob_kills":6,"minecraft:drop":3,"minecraft:damage_dealt":1204,"enigmaticlegacy:play_time_without_seven_curses":46648,"minecraft:player_kills":1,"minecraft:swim_one_cm":15126,"minecraft:interact_with_crafting_table":9,"minecraft:fly_one_cm":50929,"minecraft:crouch_one_cm":15103,"minecraft:play_time":46811,"minecraft:deaths":4,"minecraft:sneak_time":3963,"minecraft:walk_under_water_one_cm":11073,"minecraft:boat_one_cm":750,"minecraft:jump":580,"minecraft:walk_on_water_one_cm":18330,"minecraft:time_since_death":11575,"minecraft:total_world_time":46811,"minecraft:fall_one_cm":11023},"minecraft:killed_by":{"minecraft:player":2,"born_in_chaos_v1:swarmer":1},"minecraft:crafted":{"minecraft:crafting_table":2,"minecraft:spruce_planks":188,"minecraft:stick":12,"minecraft:wooden_pickaxe":1,"minecraft:stone_pickaxe":2,"minecraft:stone_sword":1,"minecraft:furnace":1,"minecraft:spruce_boat":1,"minecraft:torch":48,"minecraft:stone_axe":1},"minecraft:used":{"minecraft:spruce_boat":1,"minecraft:stone_sword":22,"minecraft:stone_pickaxe":117,"minecraft:iron_pickaxe":2,"minecraft:spruce_planks":80,"minecraft:wooden_pickaxe":11,"minecraft:spruce_sapling":1,"minecraft:stone_axe":47,"minecraft:torch":1,"minecraft:dirt":13,"minecraft:crafting_table":4,"minecraft:furnace":2},"minecraft:dropped":{"minecraft:wheat_seeds":1,"minecraft:spruce_sapling":17},"minecraft:killed":{"minecraft:skeleton":1,"minecraft:zombie":1,"born_in_chaos_v1:diamond_termite":3},"minecraft:broken":{"minecraft:stone_pickaxe":1},"minecraft:picked_up":{"minecraft:stick":11,"minecraft:crafting_table":3,"minecraft:glow_ink_sac":1,"minecraft:torch":1,"born_in_chaos_v1:pieceofdarkmetal":1,"minecraft:spruce_sapling":18,"minecraft:spruce_log":52,"minecraft:dirt":13,"minecraft:rotten_flesh":2,"minecraft:bone":2,"minecraft:wheat_seeds":1,"minecraft:spruce_planks":2,"minecraft:iron_pickaxe":1,"born_in_chaos_v1:diamond_termite_shard":2,"minecraft:coal":16,"minecraft:raw_iron":13,"minecraft:cobblestone":81,"minecraft:furnace":1}},"DataVersion":3120}