{"stats":{"minecraft:mined":{"minecraft:dark_oak_planks":3,"minecraft:tuff":3,"minecraft:spruce_planks":2,"minecraft:deepslate_diamond_ore":9,"minecraft:sculk_vein":2,"minecraft:dark_oak_log":3,"born_in_chaos_v1:infected_diamond_ore":3,"minecraft:ladder":3,"minecraft:dark_oak_fence":1,"minecraft:grass_block":3,"minecraft:spruce_leaves":3,"minecraft:spawner":1,"minecraft:large_fern":1,"minecraft:hay_block":6,"minecraft:furnace":4,"minecraft:iron_ore":35,"minecraft:fire":4,"minecraft:cobbled_deepslate":4,"treechop:chopped_log":8,"minecraft:sculk_shrieker":1,"minecraft:deepslate_iron_ore":6,"environmental:dwarf_spruce_plant":1,"minecraft:iron_bars":1,"minecraft:stone":88,"create:veridium":3,"minecraft:glass_pane":3,"tetra:forged_vent":2,"atmospheric:flowering_morado_leaves":2,"galosphere:deepslate_silver_ore":6,"minecraft:crafting_table":8,"minecraft:torch":6,"minecraft:sculk_sensor":9,"minecraft:glass":2,"minecraft:tall_grass":1,"minecraft:cobblestone":4,"minecraft:deepslate_gold_ore":2,"minecraft:sculk":2,"minecraft:diorite":1,"minecraft:blue_bed":1,"minecraft:wall_torch":18,"minecraft:spruce_stairs":2,"minecraft:purple_bed":1,"environmental:cartwheel":1,"minecraft:coarse_dirt":2,"minecraft:sweet_berry_bush":2,"minecraft:ice":1,"minecraft:magenta_bed":3,"minecraft:birch_leaves":1,"minecraft:grass":3,"minecraft:coal_ore":26,"alexsmobs:bison_fur_block":1,"minecraft:sand":2,"minecraft:gravel":14,"minecraft:dirt":8,"minecraft:fern":1,"minecraft:deepslate":17,"minecraft:infested_stone":1},"minecraft:custom":{"enigmaticlegacy:play_time_with_seven_curses":0,"lootr:looted_stat":36,"minecraft:mob_kills":65,"minecraft:interact_with_crafting_table":25,"minecraft:open_barrel":1,"minecraft:time_since_death":6135,"minecraft:climb_one_cm":2848,"minecraft:sprint_one_cm":230529,"minecraft:walk_one_cm":657136,"minecraft:drop":37,"minecraft:talked_to_villager":1,"minecraft:play_time":190811,"minecraft:walk_under_water_one_cm":51010,"minecraft:deaths":23,"minecraft:sneak_time":19176,"minecraft:boat_one_cm":2008,"minecraft:jump":2097,"minecraft:walk_on_water_one_cm":56235,"minecraft:total_world_time":190811,"minecraft:interact_with_furnace":12,"enigmaticlegacy:play_time_without_seven_curses":189797,"minecraft:sleep_in_bed":2,"minecraft:time_since_rest":6163,"minecraft:waystone_activated":1,"minecraft:damage_taken":7571,"minecraft:damage_dealt":12046,"minecraft:swim_one_cm":60068,"minecraft:fly_one_cm":247548,"minecraft:player_kills":5,"minecraft:crouch_one_cm":74122,"minecraft:interact_with_smoker":1,"minecraft:fall_one_cm":58036},"minecraft:killed_by":{"iter_rpg:air_elemental":1,"minecraft:player":3,"minecraft:creeper":1,"minecraft:spider":1,"minecraft:pillager":3,"born_in_chaos_v1:swarmer":1,"minecraft:vindicator":1,"minecraft:warden":3,"alexsmobs:centipede_head":1,"minecraft:skeleton":2,"artifacts:mimic":1,"dungeons_mobs:sunken_skeleton":1},"minecraft:crafted":{"minecraft:spruce_button":1,"minecraft:furnace":2,"minecraft:flint_and_steel":1,"minecraft:iron_boots":1,"minecraft:stone_pickaxe":2,"minecraft:spruce_boat":2,"tetra:modular_double":1,"minecraft:crafting_table":4,"minecraft:spruce_planks":208,"minecraft:wooden_pickaxe":1,"minecraft:iron_sword":1,"minecraft:bucket":1,"minecraft:stone_axe":1,"minecraft:air":0,"minecraft:tnt":1,"minecraft:iron_chestplate":1,"minecraft:stick":12,"minecraft:iron_ingot":22,"minecraft:stone_sword":1,"minecraft:torch":48},"minecraft:used":{"minecraft:stone_sword":126,"minecraft:flint_and_steel":6,"quark:shale":8,"create:veridium":1,"minecraft:spruce_planks":168,"minecraft:iron_sword":138,"minecraft:rotten_flesh":6,"minecraft:iron_chestplate":1,"minecraft:torch":32,"minecraft:dirt":13,"minecraft:spruce_stairs":2,"minecraft:tuff":3,"minecraft:snowball":22,"minecraft:obsidian":10,"minecraft:spruce_boat":3,"born_in_chaos_v1:corpse_maggot":17,"minecraft:spruce_button":1,"minecraft:iron_boots":1,"minecraft:tadpole_bucket":1,"minecraft:furnace":5,"minecraft:cobbled_deepslate":16,"minecraft:water_bucket":31,"minecraft:stone_pickaxe":138,"minecraft:wooden_pickaxe":11,"minecraft:cookie":1,"minecraft:sand":3,"minecraft:tnt":1,"minecraft:crafting_table":10,"minecraft:magenta_bed":2,"minecraft:mushroom_stew":3,"tetra:modular_double":4,"minecraft:bread":19,"minecraft:iron_pickaxe":114,"minecraft:spruce_sapling":1,"minecraft:stone_axe":69,"minecraft:cobblestone":71,"minecraft:bucket":32},"minecraft:killed":{"minecraft:witch":1,"crittersandcompanions:leaf_insect":1,"dungeons_mobs:mountaineer":1,"born_in_chaos_v1:thornshell_crab":1,"minecraft:skeleton":7,"minecraft:silverfish":1,"alexsmobs:centipede_head":1,"born_in_chaos_v1:firelight_not_despawn":1,"artifacts:mimic":1,"born_in_chaos_v1:diamond_termite":5,"minecraft:zombie_villager":2,"majruszsdifficulty:cursed_armor":1,"iter_rpg:spiderling":1,"minecraft:pillager":16,"minecraft:zombie":4,"endermanoverhaul:cave_enderman":1,"born_in_chaos_v1:corpse_fly":14,"dungeons_mobs:sunken_skeleton":1},"minecraft:dropped":{"minecraft:iron_ingot":5,"minecraft:iron_sword":1,"minecraft:wheat_seeds":1,"minecraft:glow_ink_sac":1,"minecraft:crossbow":1,"minecraft:iron_helmet":2,"minecraft:coal":10,"minecraft:dark_oak_log":3,"minecraft:diorite":1,"tetra:holo":1,"minecraft:iron_pickaxe":2,"minecraft:dark_oak_planks":2,"minecraft:bucket":2,"minecraft:spruce_sapling":17,"iter_rpg:potsherd":1,"minecraft:bone":7,"minecraft:gravel":13,"minecraft:raw_copper":3,"minecraft:bowl":2,"iter_rpg:spawner_fragment":1,"minecraft:stone":1,"tetra:modular_double":2,"minecraft:iron_bars":1,"minecraft:arrow":5,"minecraft:stone_pickaxe":1,"minecraft:raw_gold":1},"minecraft:broken":{"minecraft:stone_sword":1,"minecraft:stone_pickaxe":1},"minecraft:picked_up":{"iter_rpg:spawner_fragment":1,"minecraft:charcoal":5,"minecraft:crafting_table":7,"born_in_chaos_v1:diamond_termite_shard":3,"minecraft:cobbled_deepslate":16,"minecraft:bucket":1,"minecraft:spruce_planks":2,"tetra:metal_scrap":5,"minecraft:iron_pickaxe":1,"minecraft:furnace":4,"minecraft:stick":13,"minecraft:raw_iron":44,"minecraft:stone":1,"minecraft:torch":17,"tetra:holo":1,"minecraft:bowl":1,"minecraft:spruce_stairs":2,"minecraft:diorite":1,"born_in_chaos_v1:pieceofdarkmetal":2,"minecraft:dark_oak_planks":2,"minecraft:arrow":5,"minecraft:rotten_flesh":6,"minecraft:hay_block":7,"create:veridium":1,"born_in_chaos_v1:spiny_shell":3,"minecraft:iron_bars":1,"minecraft:snowball":22,"minecraft:cobblestone":182,"born_in_chaos_v1:corpse_maggot":17,"minecraft:glow_ink_sac":1,"minecraft:flint":1,"minecraft:tuff":3,"minecraft:magenta_bed":3,"minecraft:dirt":14,"minecraft:white_banner":1,"minecraft:bone":7,"minecraft:wheat_seeds":1,"minecraft:raw_gold":1,"iter_rpg:potsherd":1,"minecraft:iron_ingot":10,"galosphere:raw_silver":6,"tetra:modular_double":1,"quark:shale":34,"minecraft:gravel":13,"minecraft:sand":1,"minecraft:spruce_sapling":18,"minecraft:spruce_log":52,"minecraft:dark_oak_log":3,"artifacts:plastic_drinking_hat":1,"minecraft:purple_bed":1,"minecraft:diamond":9,"minecraft:spruce_boat":1,"minecraft:crossbow":2,"minecraft:emerald":1,"minecraft:coal":27}},"DataVersion":3120}