{"stats":{"minecraft:mined":{"minecraft:sweet_berry_bush":2,"treechop:chopped_log":2,"minecraft:crafting_table":1,"minecraft:grass":2,"minecraft:grass_block":1,"minecraft:coal_ore":14,"environmental:dwarf_spruce_plant":1,"minecraft:spruce_leaves":3,"minecraft:stone":13,"minecraft:fern":1},"minecraft:custom":{"minecraft:time_since_rest":853,"enigmaticlegacy:play_time_with_seven_curses":0,"minecraft:sprint_one_cm":15101,"minecraft:damage_taken":515,"minecraft:walk_one_cm":41485,"minecraft:mob_kills":2,"minecraft:damage_dealt":386,"enigmaticlegacy:play_time_without_seven_curses":10721,"minecraft:interact_with_crafting_table":5,"minecraft:fly_one_cm":21201,"minecraft:crouch_one_cm":78,"minecraft:play_time":10811,"minecraft:deaths":2,"minecraft:sneak_time":9,"minecraft:jump":144,"minecraft:time_since_death":814,"minecraft:total_world_time":10811,"minecraft:fall_one_cm":2903},"minecraft:killed_by":{"minecraft:player":1,"born_in_chaos_v1:swarmer":1},"minecraft:crafted":{"minecraft:crafting_table":1,"minecraft:spruce_planks":44,"minecraft:stick":4,"minecraft:wooden_pickaxe":1,"minecraft:stone_pickaxe":1,"minecraft:furnace":1},"minecraft:used":{"minecraft:stone_pickaxe":35,"minecraft:wooden_pickaxe":11,"minecraft:spruce_sapling":1,"minecraft:dirt":1,"minecraft:crafting_table":2},"minecraft:killed":{"minecraft:skeleton":1},"minecraft:picked_up":{"minecraft:stick":2,"minecraft:crafting_table":1,"minecraft:spruce_sapling":1,"minecraft:spruce_log":11,"minecraft:dirt":1,"minecraft:bone":2,"minecraft:wheat_seeds":1,"minecraft:coal":14,"minecraft:cobblestone":13}},"DataVersion":3120}