{"stats":{"minecraft:dropped":{"farmersdelight:tomato_seeds":1,"minecraft:iron_sword":1,"biomesoplenty:jacaranda_sapling":27,"minecraft:wheat_seeds":8,"minecraft:mossy_cobblestone":3,"minecraft:crafting_table":1,"minecraft:cobblestone":6,"minecraft:lantern":3,"delightful:green_tea_leaf":1,"minecraft:pufferfish":1,"twigs:pebble":2,"minecraft:dirt":8,"biomesoplenty:flowering_oak_sapling":1,"farmersdelight:bacon":8,"minecraft:dark_oak_planks":2,"minecraft:string":4,"minecraft:bucket":1,"twigs:twig":9,"minecraft:bone":3,"minecraft:compass":1,"minecraft:cobblestone_wall":1,"minecraft:bowl":1,"minecraft:wheat":2,"minecraft:rotten_flesh":4,"minecraft:oak_planks":1,"minecraft:poppy":2,"minecraft:gunpowder":3,"aether:chainmail_gloves":1,"minecraft:allium":4,"minecraft:mossy_stone_bricks":10,"minecraft:stone_pressure_plate":5,"minecraft:spider_eye":3,"minecraft:barrel":1,"minecraft:wooden_pickaxe":1,"minecraft:cyan_bed":1,"biomesoplenty:tall_lavender":1,"minecraft:egg":1},"minecraft:mined":{"minecraft:stone_pressure_plate":1,"farmersdelight:onions":20,"minecraft:mossy_cobblestone":4,"minecraft:jungle_leaves":4,"farmersdelight:tomato_crate":5,"minecraft:brewing_stand":2,"minecraft:infested_cobblestone":2,"minecraft:grass_block":6,"minecraft:redstone_wire":1,"farmersdelight:tomatoes":2,"farmersdelight:wild_onions":9,"biomesoplenty:jacaranda_log":32,"biomesoplenty:tall_lavender":1,"minecraft:furnace":2,"minecraft:iron_ore":39,"minecraft:sticky_piston":6,"minecraft:barrel":1,"minecraft:bookshelf":7,"minecraft:stone":31,"minecraft:redstone_wall_torch":4,"minecraft:oak_slab":4,"biomesoplenty:jacaranda_planks":7,"farmersdelight:potato_crate":3,"minecraft:crafting_table":5,"minecraft:torch":4,"minecraft:rose_bush":1,"minecraft:lectern":43,"farmersdelight:onion_crate":4,"minecraft:tall_grass":3,"minecraft:cobblestone":9,"biomesoplenty:sprout":1,"minecraft:cyan_bed":5,"minecraft:wall_torch":2,"minecraft:purple_bed":4,"minecraft:repeater":12,"minecraft:cobblestone_wall":1,"minecraft:stripped_oak_wood":1,"minecraft:oak_log":5,"minecraft:grass":23,"biomesoplenty:clover":1,"minecraft:coal_ore":35,"minecraft:gravel":15,"minecraft:dirt":7,"minecraft:mossy_stone_bricks":2,"farmersdelight:beetroot_crate":4,"minecraft:oak_leaves":4,"minecraft:fern":5},"minecraft:crafted":{"minecraft:oak_planks":20,"minecraft:furnace":2,"minecraft:potato":27,"minecraft:cooked_mutton":4,"minecraft:flint_and_steel":1,"minecraft:iron_axe":1,"minecraft:stone_pickaxe":2,"farmersdelight:tomato":45,"everycomp:q/biomesoplenty/jacaranda_bookshelf":1,"minecraft:dark_oak_planks":80,"biomesoplenty:jacaranda_planks":136,"biomesoplenty:jacaranda_boat":1,"minecraft:crafting_table":2,"minecraft:wooden_pickaxe":1,"minecraft:iron_sword":1,"minecraft:bucket":2,"minecraft:stone_axe":1,"minecraft:air":0,"minecraft:lectern":1,"minecraft:iron_chestplate":1,"minecraft:stick":28,"minecraft:iron_ingot":48,"minecraft:iron_pickaxe":1,"minecraft:beetroot":36,"minecraft:torch":100,"farmersdelight:mushroom_rice":1,"farmersdelight:onion":36},"minecraft:used":{"minecraft:beetroot":4,"minecraft:rotten_flesh":1,"minecraft:torch":28,"minecraft:dirt":5,"minecraft:mutton":1,"minecraft:dark_oak_planks":14,"farmersdelight:mushroom_rice":1,"farmersdelight:tomato":30,"minecraft:iron_axe":198,"minecraft:furnace":2,"minecraft:oak_sapling":3,"minecraft:cooked_mutton":1,"minecraft:water_bucket":6,"minecraft:iron_ore":11,"minecraft:stone_pickaxe":148,"minecraft:wooden_pickaxe":5,"farmersdelight:onion":16,"minecraft:crafting_table":5,"biomesoplenty:jacaranda_planks":120,"minecraft:cyan_bed":3,"minecraft:bread":11,"minecraft:lectern":42,"biomesoplenty:jacaranda_boat":4,"minecraft:gravel":6,"minecraft:stone_axe":44,"minecraft:purple_bed":4,"minecraft:bucket":7},"minecraft:killed_by":{"minecraft:husk":4,"minecraft:player":1,"minecraft:vindicator":1},"minecraft:picked_up":{"minecraft:crafting_table":5,"minecraft:allium":4,"biomesoplenty:jacaranda_sapling":27,"minecraft:brewing_stand":2,"minecraft:string":4,"minecraft:sticky_piston":14,"minecraft:compass":1,"biomesoplenty:tall_lavender":1,"minecraft:pufferfish":1,"twigs:pebble":2,"minecraft:poppy":2,"minecraft:lectern":43,"delightful:green_tea_leaf":1,"minecraft:egg":1,"minecraft:raw_iron":38,"farmersdelight:potato_crate":3,"minecraft:torch":8,"farmersdelight:tomato_seeds":1,"minecraft:stone_pressure_plate":5,"farmersdelight:tomato_crate":5,"minecraft:rotten_flesh":5,"biomesoplenty:jacaranda_log":34,"farmersdelight:onion":56,"aether:chainmail_gloves":1,"minecraft:mutton":5,"minecraft:white_wool":4,"farmersdelight:beetroot_crate":4,"minecraft:cobblestone":31,"farmersdelight:onion_crate":4,"minecraft:water_bucket":1,"minecraft:flint":1,"minecraft:oak_log":5,"minecraft:gunpowder":3,"biomesoplenty:jacaranda_planks":6,"minecraft:cobblestone_wall":1,"farmersdelight:tomato":3,"minecraft:dirt":13,"minecraft:lantern":3,"minecraft:bone":3,"minecraft:wheat_seeds":8,"minecraft:mossy_stone_bricks":10,"twigs:twig":9,"minecraft:book":21,"minecraft:oak_slab":4,"biomesoplenty:jacaranda_boat":4,"minecraft:gravel":6,"minecraft:cyan_bed":5,"minecraft:spider_eye":3,"minecraft:barrel":1,"minecraft:mossy_cobblestone":3,"biomesoplenty:flowering_oak_sapling":1,"minecraft:purple_bed":4,"minecraft:emerald":1,"minecraft:bread":1,"minecraft:oak_sapling":3,"minecraft:coal":35,"minecraft:ender_pearl":1},"minecraft:custom":{"minecraft:inspect_dropper":1,"minecraft:mob_kills":30,"minecraft:interact_with_crafting_table":18,"minecraft:open_barrel":13,"minecraft:time_since_death":10720,"minecraft:climb_one_cm":3134,"minecraft:sprint_one_cm":239178,"minecraft:walk_one_cm":406013,"minecraft:drop":57,"minecraft:talked_to_villager":52,"minecraft:play_time":96637,"minecraft:deaths":7,"minecraft:sneak_time":3687,"minecraft:walk_under_water_one_cm":3691,"minecraft:boat_one_cm":21,"minecraft:jump":1299,"minecraft:interact_with_brewingstand":1,"minecraft:walk_on_water_one_cm":3604,"minecraft:total_world_time":96637,"minecraft:interact_with_furnace":14,"minecraft:sleep_in_bed":4,"minecraft:time_since_rest":6226,"minecraft:damage_taken":2857,"minecraft:damage_dealt":7996,"minecraft:fly_one_cm":165771,"minecraft:open_chest":19,"minecraft:crouch_one_cm":13073,"minecraft:interact_with_smoker":2,"minecraft:fall_one_cm":32377},"minecraft:killed":{"minecraft:vindicator":1,"minecraft:spider":3,"minecraft:skeleton":3,"minecraft:silverfish":2,"minecraft:husk":5,"minecraft:iron_golem":2,"minecraft:creeper":3,"minecraft:sheep":4,"minecraft:pillager":2,"minecraft:zombie":3,"alexsmobs:fly":1,"minecraft:enderman":1}},"DataVersion":3465}