{"stats":{"minecraft:mined":{"minecraft:tuff":3,"minecraft:spruce_planks":2,"minecraft:deepslate_diamond_ore":9,"atmospheric:flowering_morado_leaves":2,"born_in_chaos_v1:infected_diamond_ore":2,"minecraft:crafting_table":3,"minecraft:torch":1,"minecraft:grass_block":2,"minecraft:sculk_sensor":7,"minecraft:tall_grass":1,"minecraft:cobblestone":2,"minecraft:spruce_leaves":3,"minecraft:deepslate_gold_ore":2,"minecraft:wall_torch":8,"minecraft:large_fern":1,"environmental:cartwheel":1,"minecraft:furnace":2,"minecraft:iron_ore":13,"minecraft:sweet_berry_bush":2,"minecraft:birch_leaves":1,"treechop:chopped_log":8,"minecraft:grass":3,"minecraft:sculk_shrieker":1,"minecraft:coal_ore":17,"environmental:dwarf_spruce_plant":1,"minecraft:deepslate_iron_ore":4,"minecraft:dirt":8,"minecraft:stone":82,"minecraft:deepslate":15,"minecraft:fern":1},"minecraft:custom":{"enigmaticlegacy:play_time_with_seven_curses":0,"minecraft:interact_with_furnace":4,"minecraft:mob_kills":20,"enigmaticlegacy:play_time_without_seven_curses":82387,"minecraft:interact_with_crafting_table":13,"minecraft:time_since_death":12627,"minecraft:time_since_rest":12680,"minecraft:waystone_activated":1,"minecraft:sprint_one_cm":81841,"minecraft:walk_one_cm":277687,"minecraft:damage_taken":3145,"minecraft:drop":3,"minecraft:damage_dealt":3991,"minecraft:swim_one_cm":28768,"minecraft:fly_one_cm":101636,"minecraft:player_kills":3,"minecraft:crouch_one_cm":62622,"minecraft:play_time":82811,"minecraft:deaths":11,"minecraft:sneak_time":15213,"minecraft:walk_under_water_one_cm":21921,"minecraft:boat_one_cm":750,"minecraft:jump":990,"minecraft:walk_on_water_one_cm":29276,"minecraft:total_world_time":82811,"minecraft:fall_one_cm":27159},"minecraft:killed_by":{"minecraft:warden":3,"minecraft:player":2,"alexsmobs:centipede_head":1,"minecraft:creeper":1,"minecraft:spider":1,"born_in_chaos_v1:swarmer":1},"minecraft:crafted":{"minecraft:crafting_table":2,"minecraft:spruce_planks":188,"minecraft:wooden_pickaxe":1,"minecraft:furnace":2,"minecraft:bucket":1,"minecraft:stone_axe":1,"minecraft:air":0,"minecraft:stick":12,"minecraft:iron_ingot":11,"minecraft:stone_pickaxe":2,"minecraft:stone_sword":1,"minecraft:spruce_boat":1,"minecraft:torch":48},"minecraft:used":{"minecraft:stone_sword":88,"minecraft:stone_pickaxe":134,"minecraft:spruce_planks":168,"minecraft:wooden_pickaxe":11,"minecraft:rotten_flesh":5,"minecraft:torch":10,"minecraft:dirt":13,"minecraft:crafting_table":5,"born_in_chaos_v1:corpse_maggot":9,"minecraft:spruce_boat":1,"minecraft:iron_pickaxe":35,"minecraft:spruce_sapling":1,"minecraft:stone_axe":47,"minecraft:cobblestone":29,"minecraft:furnace":3},"minecraft:killed":{"minecraft:witch":1,"minecraft:zombie_villager":1,"born_in_chaos_v1:diamond_termite":3,"crittersandcompanions:leaf_insect":1,"minecraft:skeleton":1,"endermanoverhaul:cave_enderman":1,"minecraft:zombie":3,"born_in_chaos_v1:corpse_fly":9,"alexsmobs:centipede_head":1},"minecraft:dropped":{"minecraft:wheat_seeds":1,"minecraft:spruce_sapling":17},"minecraft:picked_up":{"born_in_chaos_v1:corpse_maggot":9,"born_in_chaos_v1:diamond_termite_shard":2,"minecraft:crafting_table":3,"minecraft:glow_ink_sac":1,"minecraft:tuff":3,"minecraft:dirt":13,"minecraft:bone":2,"minecraft:wheat_seeds":1,"minecraft:cobbled_deepslate":12,"minecraft:raw_gold":1,"minecraft:spruce_planks":2,"minecraft:iron_pickaxe":1,"minecraft:furnace":2,"minecraft:raw_iron":18,"minecraft:stick":13,"minecraft:torch":7,"minecraft:spruce_sapling":18,"minecraft:spruce_log":52,"born_in_chaos_v1:pieceofdarkmetal":1,"minecraft:rotten_flesh":5,"minecraft:diamond":9,"minecraft:coal":18,"minecraft:cobblestone":85},"minecraft:broken":{"minecraft:stone_pickaxe":1}},"DataVersion":3120}