{"stats":{"minecraft:mined":{"minecraft:large_fern":1,"environmental:cartwheel":1,"minecraft:sweet_berry_bush":2,"atmospheric:flowering_morado_leaves":2,"treechop:chopped_log":8,"minecraft:crafting_table":2,"minecraft:grass":2,"minecraft:grass_block":1,"minecraft:coal_ore":14,"environmental:dwarf_spruce_plant":1,"minecraft:spruce_leaves":3,"minecraft:stone":18,"minecraft:fern":1},"minecraft:custom":{"minecraft:time_since_rest":12853,"enigmaticlegacy:play_time_with_seven_curses":0,"minecraft:sprint_one_cm":32818,"minecraft:damage_taken":665,"minecraft:walk_one_cm":88244,"minecraft:mob_kills":2,"minecraft:drop":3,"minecraft:damage_dealt":600,"enigmaticlegacy:play_time_without_seven_curses":22721,"minecraft:swim_one_cm":14512,"minecraft:interact_with_crafting_table":8,"minecraft:fly_one_cm":43669,"minecraft:crouch_one_cm":78,"minecraft:play_time":22811,"minecraft:deaths":2,"minecraft:sneak_time":9,"minecraft:walk_under_water_one_cm":7187,"minecraft:boat_one_cm":750,"minecraft:jump":360,"minecraft:walk_on_water_one_cm":7963,"minecraft:time_since_death":12814,"minecraft:total_world_time":22811,"minecraft:fall_one_cm":5873},"minecraft:killed_by":{"minecraft:player":1,"born_in_chaos_v1:swarmer":1},"minecraft:crafted":{"minecraft:crafting_table":2,"minecraft:spruce_planks":188,"minecraft:stick":8,"minecraft:wooden_pickaxe":1,"minecraft:stone_pickaxe":1,"minecraft:stone_sword":1,"minecraft:furnace":1,"minecraft:spruce_boat":1,"minecraft:stone_axe":1},"minecraft:used":{"minecraft:spruce_boat":1,"minecraft:stone_sword":2,"minecraft:stone_pickaxe":40,"minecraft:wooden_pickaxe":11,"minecraft:spruce_sapling":1,"minecraft:stone_axe":42,"minecraft:dirt":1,"minecraft:crafting_table":3},"minecraft:dropped":{"minecraft:wheat_seeds":1,"minecraft:spruce_sapling":17},"minecraft:killed":{"minecraft:skeleton":1},"minecraft:picked_up":{"minecraft:stick":11,"minecraft:crafting_table":2,"minecraft:spruce_sapling":18,"minecraft:spruce_log":52,"minecraft:dirt":1,"minecraft:bone":2,"minecraft:wheat_seeds":1,"minecraft:coal":14,"minecraft:cobblestone":16}},"DataVersion":3120}