{"stats":{"minecraft:dropped":{"twigs:twig":2},"minecraft:mined":{"minecraft:crafting_table":1,"minecraft:grass":11,"biomesoplenty:clover":1,"minecraft:oak_log":5,"minecraft:grass_block":3,"minecraft:coal_ore":2,"minecraft:rose_bush":1,"minecraft:dirt":7,"minecraft:tall_grass":1,"minecraft:stone":23,"minecraft:oak_leaves":2},"minecraft:crafted":{"minecraft:oak_planks":20,"minecraft:crafting_table":1,"minecraft:stick":12,"minecraft:wooden_pickaxe":1,"minecraft:stone_pickaxe":2,"minecraft:stone_axe":1},"minecraft:used":{"minecraft:bread":3,"minecraft:stone_pickaxe":20,"minecraft:wooden_pickaxe":5,"minecraft:stone_axe":12,"minecraft:mutton":1,"minecraft:crafting_table":1,"minecraft:oak_sapling":3},"minecraft:picked_up":{"minecraft:crafting_table":1,"minecraft:oak_log":5,"minecraft:dirt":9,"biomesoplenty:flowering_oak_sapling":1,"minecraft:rotten_flesh":2,"minecraft:wheat_seeds":2,"minecraft:oak_sapling":3,"twigs:twig":2,"minecraft:mutton":5,"minecraft:coal":2,"minecraft:white_wool":4,"minecraft:cobblestone":23},"minecraft:custom":{"minecraft:time_since_rest":6971,"minecraft:sprint_one_cm":43060,"minecraft:damage_taken":348,"minecraft:walk_one_cm":51452,"minecraft:mob_kills":6,"minecraft:drop":2,"minecraft:damage_dealt":872,"minecraft:interact_with_crafting_table":4,"minecraft:fly_one_cm":47326,"minecraft:open_chest":2,"minecraft:play_time":12637,"minecraft:deaths":1,"minecraft:sneak_time":22,"minecraft:walk_under_water_one_cm":258,"minecraft:jump":358,"minecraft:walk_on_water_one_cm":194,"minecraft:time_since_death":6935,"minecraft:climb_one_cm":341,"minecraft:total_world_time":12637,"minecraft:fall_one_cm":8814},"minecraft:killed":{"minecraft:sheep":4,"minecraft:zombie":1,"minecraft:creeper":1}},"DataVersion":3465}