{"stats":{"minecraft:dropped":{"farmersdelight:tomato_seeds":1,"minecraft:iron_sword":1,"biomesoplenty:jacaranda_sapling":27,"minecraft:wheat_seeds":8,"minecraft:cobblestone_wall":1,"minecraft:bowl":1,"minecraft:crafting_table":1,"minecraft:wheat":2,"minecraft:rotten_flesh":2,"minecraft:cobblestone":6,"minecraft:oak_planks":1,"delightful:green_tea_leaf":1,"minecraft:pufferfish":1,"minecraft:poppy":2,"twigs:pebble":2,"minecraft:dirt":7,"minecraft:gunpowder":3,"minecraft:allium":4,"biomesoplenty:flowering_oak_sapling":1,"minecraft:barrel":1,"farmersdelight:bacon":8,"minecraft:spider_eye":3,"minecraft:wooden_pickaxe":1,"minecraft:bone":2,"minecraft:egg":1,"minecraft:bucket":1,"biomesoplenty:tall_lavender":1,"twigs:twig":9},"minecraft:mined":{"farmersdelight:onions":20,"biomesoplenty:jacaranda_planks":3,"farmersdelight:potato_crate":3,"farmersdelight:tomato_crate":5,"minecraft:crafting_table":3,"minecraft:torch":1,"minecraft:grass_block":6,"minecraft:rose_bush":1,"minecraft:lectern":17,"farmersdelight:onion_crate":4,"minecraft:tall_grass":3,"farmersdelight:tomatoes":2,"farmersdelight:wild_onions":9,"minecraft:purple_bed":4,"biomesoplenty:jacaranda_log":32,"biomesoplenty:tall_lavender":1,"minecraft:furnace":2,"minecraft:cobblestone_wall":1,"minecraft:iron_ore":28,"minecraft:barrel":1,"minecraft:grass":21,"biomesoplenty:clover":1,"minecraft:coal_ore":35,"minecraft:oak_log":5,"minecraft:gravel":15,"minecraft:dirt":7,"minecraft:stone":31,"farmersdelight:beetroot_crate":4,"minecraft:oak_leaves":2},"minecraft:crafted":{"minecraft:oak_planks":20,"biomesoplenty:jacaranda_planks":136,"biomesoplenty:jacaranda_boat":1,"minecraft:crafting_table":1,"minecraft:wooden_pickaxe":1,"minecraft:iron_sword":1,"minecraft:furnace":2,"minecraft:bucket":2,"minecraft:stone_axe":1,"minecraft:potato":27,"minecraft:cooked_mutton":4,"minecraft:air":0,"minecraft:stick":24,"minecraft:iron_ingot":18,"minecraft:iron_pickaxe":1,"minecraft:stone_pickaxe":2,"farmersdelight:tomato":45,"minecraft:beetroot":36,"minecraft:torch":100,"farmersdelight:mushroom_rice":1,"farmersdelight:onion":36},"minecraft:used":{"minecraft:beetroot":2,"minecraft:cooked_mutton":1,"minecraft:water_bucket":3,"minecraft:stone_pickaxe":92,"minecraft:wooden_pickaxe":5,"minecraft:rotten_flesh":1,"minecraft:torch":2,"minecraft:dirt":5,"minecraft:mutton":1,"minecraft:crafting_table":3,"biomesoplenty:jacaranda_planks":26,"farmersdelight:mushroom_rice":1,"farmersdelight:tomato":10,"minecraft:iron_axe":118,"minecraft:bread":5,"minecraft:lectern":16,"biomesoplenty:jacaranda_boat":2,"minecraft:gravel":6,"minecraft:stone_axe":22,"minecraft:purple_bed":3,"minecraft:oak_sapling":3,"minecraft:furnace":2,"minecraft:bucket":4},"minecraft:killed_by":{"minecraft:vindicator":1},"minecraft:picked_up":{"minecraft:allium":4,"minecraft:crafting_table":3,"farmersdelight:onion_crate":4,"minecraft:water_bucket":1,"biomesoplenty:jacaranda_sapling":27,"minecraft:flint":1,"minecraft:oak_log":5,"biomesoplenty:jacaranda_planks":3,"minecraft:cobblestone_wall":1,"minecraft:gunpowder":3,"farmersdelight:tomato":3,"minecraft:string":4,"minecraft:dirt":12,"minecraft:pufferfish":1,"biomesoplenty:tall_lavender":1,"minecraft:compass":1,"minecraft:bone":2,"minecraft:wheat_seeds":8,"twigs:pebble":2,"minecraft:poppy":2,"minecraft:lectern":17,"twigs:twig":9,"delightful:green_tea_leaf":1,"minecraft:egg":1,"farmersdelight:potato_crate":3,"minecraft:raw_iron":28,"biomesoplenty:jacaranda_boat":2,"minecraft:torch":2,"minecraft:gravel":6,"farmersdelight:tomato_seeds":1,"minecraft:barrel":1,"minecraft:spider_eye":3,"biomesoplenty:flowering_oak_sapling":1,"farmersdelight:tomato_crate":5,"minecraft:purple_bed":4,"minecraft:rotten_flesh":3,"biomesoplenty:jacaranda_log":34,"farmersdelight:onion":56,"minecraft:bread":1,"minecraft:emerald":1,"minecraft:oak_sapling":3,"minecraft:mutton":5,"farmersdelight:beetroot_crate":4,"minecraft:coal":35,"minecraft:white_wool":4,"minecraft:cobblestone":31},"minecraft:custom":{"minecraft:interact_with_furnace":12,"minecraft:mob_kills":18,"minecraft:interact_with_crafting_table":11,"minecraft:time_since_death":19070,"minecraft:sleep_in_bed":1,"minecraft:climb_one_cm":1275,"minecraft:time_since_rest":19101,"minecraft:sprint_one_cm":140593,"minecraft:damage_taken":928,"minecraft:walk_one_cm":206928,"minecraft:drop":40,"minecraft:damage_dealt":4815,"minecraft:talked_to_villager":21,"minecraft:fly_one_cm":131540,"minecraft:open_chest":13,"minecraft:crouch_one_cm":7143,"minecraft:play_time":48637,"minecraft:deaths":2,"minecraft:sneak_time":2137,"minecraft:walk_under_water_one_cm":3481,"minecraft:boat_one_cm":21,"minecraft:jump":865,"minecraft:walk_on_water_one_cm":3086,"minecraft:interact_with_smoker":2,"minecraft:total_world_time":48637,"minecraft:fall_one_cm":19065},"minecraft:killed":{"minecraft:spider":3,"minecraft:vindicator":1,"minecraft:iron_golem":2,"minecraft:creeper":3,"minecraft:sheep":4,"minecraft:skeleton":1,"minecraft:pillager":2,"minecraft:zombie":2}},"DataVersion":3465}