{"stats":{"minecraft:dropped":{"farmersdelight:tomato_seeds":1,"minecraft:iron_sword":1,"biomesoplenty:jacaranda_sapling":27,"minecraft:candle":3,"minecraft:wheat_seeds":8,"minecraft:mossy_cobblestone":3,"minecraft:crafting_table":1,"minecraft:lantern":3,"minecraft:cobblestone":13,"delightful:green_tea_leaf":1,"minecraft:leather":3,"minecraft:granite":3,"minecraft:grass_block":1,"minecraft:pufferfish":1,"minecraft:dirt":12,"twigs:pebble":3,"minecraft:cobweb":8,"minecraft:diorite":3,"minecraft:torch":1,"biomesoplenty:flowering_oak_sapling":1,"minecraft:iron_leggings":1,"farmersdelight:bacon":8,"minecraft:gold_nugget":3,"minecraft:sand":6,"minecraft:iron_axe":1,"minecraft:string":9,"minecraft:dark_oak_planks":2,"minecraft:bucket":1,"twigs:twig":10,"minecraft:bone":3,"minecraft:redstone":6,"minecraft:gravel":4,"minecraft:compass":1,"minecraft:iron_nugget":2,"minecraft:cobbled_deepslate":5,"minecraft:cobblestone_wall":1,"minecraft:bowl":1,"minecraft:tuff":6,"minecraft:wheat":2,"biomesoplenty:rainbow_birch_sapling":1,"minecraft:sculk_sensor":3,"minecraft:rotten_flesh":11,"minecraft:oak_planks":1,"minecraft:cooked_mutton":1,"minecraft:filled_map":1,"minecraft:poppy":2,"supplementaries:ash":4,"minecraft:deepslate_tiles":1,"minecraft:gunpowder":3,"minecraft:allium":4,"aether:chainmail_gloves":1,"deeperdarker:soul_dust":2,"minecraft:andesite":10,"minecraft:mossy_stone_bricks":10,"minecraft:barrel":1,"minecraft:spider_eye":3,"minecraft:stone_pressure_plate":5,"minecraft:basalt":1,"minecraft:wooden_pickaxe":1,"minecraft:cyan_bed":1,"biomesoplenty:tall_lavender":1,"minecraft:egg":1},"minecraft:killed":{"minecraft:cave_spider":1,"minecraft:spider":3,"minecraft:vindicator":1,"minecraft:skeleton":10,"deeperdarker:sculk_leech":6,"minecraft:silverfish":2,"minecraft:husk":8,"minecraft:iron_golem":2,"minecraft:creeper":3,"minecraft:sheep":4,"minecraft:pillager":2,"minecraft:zombie":3,"alexsmobs:fly":1,"minecraft:enderman":3,"minecraft:cow":3},"minecraft:mined":{"minecraft:deepslate_tiles":1,"minecraft:tuff":6,"minecraft:stone_pressure_plate":1,"farmersdelight:onions":20,"minecraft:mossy_cobblestone":4,"minecraft:candle":1,"minecraft:bamboo_fence":1,"minecraft:sculk_vein":1,"minecraft:jungle_leaves":8,"farmersdelight:tomato_crate":5,"minecraft:brewing_stand":2,"minecraft:granite":3,"minecraft:grass_block":6,"minecraft:infested_cobblestone":2,"minecraft:redstone_wire":1,"minecraft:deepslate_bricks":2,"farmersdelight:tomatoes":2,"minecraft:spawner":2,"farmersdelight:wild_onions":9,"biomesoplenty:jacaranda_log":32,"biomesoplenty:tall_lavender":1,"minecraft:furnace":2,"minecraft:mossy_cobblestone_stairs":1,"minecraft:iron_ore":39,"minecraft:sticky_piston":6,"minecraft:barrel":1,"minecraft:andesite":10,"minecraft:sculk_shrieker":10,"minecraft:bookshelf":7,"minecraft:vine":1,"minecraft:stone":110,"minecraft:white_wool":1,"minecraft:tripwire":1,"minecraft:redstone_wall_torch":4,"minecraft:oak_slab":4,"deeperdarker:ancient_vase":10,"biomesoplenty:jacaranda_planks":7,"minecraft:basalt":1,"farmersdelight:potato_crate":3,"minecraft:crafting_table":7,"minecraft:torch":7,"minecraft:rose_bush":1,"minecraft:sculk_sensor":1,"minecraft:lectern":43,"farmersdelight:onion_crate":4,"minecraft:tall_grass":3,"minecraft:cobblestone":10,"biomesoplenty:sprout":2,"minecraft:cyan_bed":7,"minecraft:sculk":2,"minecraft:diorite":3,"minecraft:wall_torch":4,"supplementaries:urn":2,"minecraft:purple_bed":4,"minecraft:repeater":12,"minecraft:cobblestone_wall":1,"minecraft:jungle_fence":1,"minecraft:stripped_oak_wood":1,"minecraft:grass":23,"biomesoplenty:clover":1,"minecraft:coal_ore":38,"minecraft:oak_log":5,"minecraft:gravel":19,"minecraft:dirt":11,"minecraft:cobweb":10,"minecraft:smooth_basalt":17,"minecraft:cracked_stone_bricks":1,"minecraft:stone_bricks":2,"minecraft:mossy_stone_bricks":2,"farmersdelight:beetroot_crate":4,"minecraft:deepslate":6,"minecraft:oak_leaves":4,"minecraft:fern":5},"minecraft:killed_by":{"minecraft:husk":4,"minecraft:player":2,"minecraft:enderman":1,"minecraft:vindicator":1,"minecraft:warden":1,"minecraft:skeleton":3,"minecraft:zombie":1},"minecraft:custom":{"minecraft:inspect_dropper":1,"minecraft:mob_kills":52,"minecraft:interact_with_crafting_table":24,"minecraft:open_barrel":17,"minecraft:bell_ring":5,"minecraft:damage_dealt_resisted":148,"minecraft:time_since_death":19261,"minecraft:climb_one_cm":5309,"minecraft:sprint_one_cm":422679,"minecraft:walk_one_cm":622334,"minecraft:drop":99,"minecraft:talked_to_villager":52,"minecraft:play_time":198809,"minecraft:deaths":15,"minecraft:sneak_time":36471,"minecraft:walk_under_water_one_cm":29376,"minecraft:interact_with_lectern":1,"minecraft:boat_one_cm":60655,"minecraft:jump":2265,"minecraft:interact_with_brewingstand":1,"minecraft:walk_on_water_one_cm":40831,"minecraft:total_world_time":198809,"minecraft:interact_with_furnace":14,"minecraft:sleep_in_bed":6,"minecraft:time_since_rest":122,"minecraft:damage_taken":7244,"minecraft:damage_dealt":11991,"twilightforest:life_charms_activated":1,"minecraft:swim_one_cm":25182,"minecraft:fly_one_cm":263826,"minecraft:open_chest":34,"minecraft:crouch_one_cm":193163,"minecraft:inspect_dispenser":1,"minecraft:interact_with_smoker":2,"minecraft:fall_one_cm":64030},"minecraft:used":{"minecraft:beetroot":4,"minecraft:iron_sword":28,"minecraft:rotten_flesh":1,"minecraft:torch":36,"minecraft:dirt":5,"minecraft:mutton":1,"minecraft:dark_oak_planks":64,"farmersdelight:mushroom_rice":1,"farmersdelight:tomato":30,"minecraft:iron_axe":275,"minecraft:dark_oak_boat":5,"minecraft:furnace":2,"minecraft:oak_sapling":3,"minecraft:cooked_mutton":4,"minecraft:water_bucket":32,"minecraft:iron_ore":11,"minecraft:stone_pickaxe":148,"minecraft:wooden_pickaxe":5,"minecraft:white_wool":1,"farmersdelight:onion":90,"minecraft:crafting_table":7,"biomesoplenty:jacaranda_planks":120,"minecraft:bread":28,"minecraft:cyan_bed":5,"minecraft:iron_pickaxe":168,"minecraft:lectern":42,"biomesoplenty:jacaranda_boat":4,"minecraft:gravel":6,"minecraft:stone_axe":44,"minecraft:cobblestone":33,"minecraft:purple_bed":4,"minecraft:bucket":32},"minecraft:picked_up":{"minecraft:crafting_table":7,"minecraft:allium":4,"backpacked:backpack":1,"biomesoplenty:jacaranda_sapling":27,"minecraft:potion":1,"minecraft:brewing_stand":2,"minecraft:red_bed":1,"minecraft:string":9,"minecraft:iron_axe":1,"minecraft:pufferfish":1,"minecraft:sticky_piston":14,"biomesoplenty:tall_lavender":1,"minecraft:compass":1,"minecraft:deepslate_tiles":1,"minecraft:candle":3,"minecraft:gold_nugget":2,"minecraft:cobbled_deepslate":5,"twigs:pebble":3,"minecraft:iron_nugget":1,"minecraft:poppy":2,"minecraft:lectern":43,"delightful:green_tea_leaf":1,"minecraft:egg":1,"minecraft:raw_iron":38,"minecraft:stick":1,"farmersdelight:potato_crate":3,"minecraft:torch":12,"farmersdelight:tomato_seeds":1,"minecraft:diorite":3,"minecraft:redstone":20,"minecraft:stone_pressure_plate":5,"farmersdelight:tomato_crate":5,"minecraft:rotten_flesh":12,"deeperdarker:soul_dust":2,"biomesoplenty:jacaranda_log":34,"farmersdelight:onion":56,"aether:chainmail_gloves":1,"minecraft:gold_ingot":6,"supplementaries:ash":4,"minecraft:mutton":5,"farmersdelight:beetroot_crate":4,"minecraft:white_wool":5,"minecraft:cobblestone":110,"farmersdelight:onion_crate":4,"minecraft:basalt":1,"minecraft:water_bucket":1,"minecraft:andesite":10,"minecraft:leather":3,"minecraft:dark_oak_boat":4,"minecraft:filled_map":1,"minecraft:flint":1,"minecraft:tuff":6,"minecraft:oak_log":5,"minecraft:gunpowder":3,"biomesoplenty:jacaranda_planks":6,"minecraft:cobblestone_wall":1,"farmersdelight:tomato":3,"minecraft:dirt":17,"minecraft:lantern":3,"minecraft:cooked_mutton":1,"minecraft:bone":3,"minecraft:wheat_seeds":8,"minecraft:iron_ingot":18,"minecraft:cobweb":8,"minecraft:mossy_stone_bricks":10,"twigs:twig":11,"minecraft:honeycomb":1,"minecraft:book":21,"minecraft:oak_slab":4,"minecraft:smooth_basalt":17,"biomesoplenty:jacaranda_boat":4,"minecraft:gravel":10,"minecraft:sand":6,"minecraft:grass_block":1,"minecraft:cyan_bed":7,"minecraft:barrel":1,"minecraft:spider_eye":3,"minecraft:mossy_cobblestone":3,"biomesoplenty:flowering_oak_sapling":1,"minecraft:purple_bed":4,"minecraft:diamond":21,"minecraft:granite":3,"minecraft:bread":1,"minecraft:emerald":4,"minecraft:coal":38,"minecraft:oak_sapling":3,"minecraft:ender_pearl":3},"minecraft:crafted":{"minecraft:oak_planks":20,"minecraft:dark_oak_boat":1,"minecraft:furnace":2,"minecraft:potato":27,"minecraft:cooked_mutton":4,"minecraft:flint_and_steel":1,"minecraft:iron_axe":1,"minecraft:stone_pickaxe":2,"farmersdelight:tomato":45,"everycomp:q/biomesoplenty/jacaranda_bookshelf":1,"minecraft:dark_oak_planks":80,"biomesoplenty:jacaranda_planks":136,"biomesoplenty:jacaranda_boat":1,"minecraft:crafting_table":2,"minecraft:wooden_pickaxe":1,"minecraft:iron_sword":1,"minecraft:bucket":2,"minecraft:stone_axe":1,"minecraft:air":0,"minecraft:lectern":1,"minecraft:iron_chestplate":1,"minecraft:stick":28,"minecraft:iron_ingot":55,"minecraft:iron_pickaxe":1,"minecraft:gold_ingot":6,"minecraft:beetroot":36,"minecraft:torch":100,"farmersdelight:mushroom_rice":1,"farmersdelight:onion":36}},"DataVersion":3465}