{"stats":{"minecraft:mined":{"minecraft:dark_oak_planks":3,"minecraft:dark_prismarine":2,"minecraft:tuff":3,"minecraft:spruce_planks":3,"minecraft:deepslate_diamond_ore":9,"minecraft:sculk_vein":2,"minecraft:dark_oak_log":3,"born_in_chaos_v1:infected_diamond_ore":3,"minecraft:ladder":3,"minecraft:dark_oak_fence":1,"minecraft:grass_block":4,"minecraft:spruce_leaves":7,"minecraft:spawner":5,"minecraft:large_fern":1,"minecraft:hay_block":6,"minecraft:furnace":4,"minecraft:iron_ore":35,"minecraft:cobbled_deepslate":4,"minecraft:fire":7,"treechop:chopped_log":8,"minecraft:sculk_shrieker":1,"minecraft:deepslate_iron_ore":6,"environmental:dwarf_spruce_plant":1,"minecraft:iron_bars":1,"minecraft:white_banner":1,"minecraft:stone":113,"create:veridium":3,"minecraft:glass_pane":3,"tetra:forged_vent":2,"atmospheric:flowering_morado_leaves":2,"galosphere:deepslate_silver_ore":6,"minecraft:crafting_table":8,"minecraft:torch":6,"minecraft:dark_oak_wood":3,"enlightened_end:nuclear_bomb":2,"minecraft:sculk_sensor":9,"minecraft:glass":2,"minecraft:tall_grass":1,"minecraft:cobblestone":10,"minecraft:deepslate_gold_ore":2,"minecraft:sculk":2,"minecraft:diorite":1,"minecraft:wall_torch":23,"minecraft:blue_bed":1,"minecraft:spruce_stairs":2,"minecraft:purple_bed":1,"environmental:cartwheel":1,"minecraft:coarse_dirt":2,"minecraft:sweet_berry_bush":2,"minecraft:ice":1,"minecraft:magenta_bed":3,"minecraft:birch_leaves":1,"minecraft:grass":3,"minecraft:cyan_carpet":2,"minecraft:coal_ore":26,"minecraft:smooth_quartz":11,"alexsmobs:bison_fur_block":1,"minecraft:gravel":14,"minecraft:sand":2,"minecraft:dirt":11,"minecraft:deepslate":17,"minecraft:infested_stone":1,"minecraft:fern":1},"minecraft:custom":{"enigmaticlegacy:play_time_with_seven_curses":0,"lootr:looted_stat":43,"minecraft:mob_kills":100,"minecraft:interact_with_crafting_table":26,"minecraft:open_barrel":1,"minecraft:damage_dealt_resisted":1767,"minecraft:leave_game":1,"minecraft:time_since_death":64,"minecraft:climb_one_cm":2848,"minecraft:sprint_one_cm":321592,"minecraft:walk_one_cm":866784,"minecraft:drop":50,"minecraft:talked_to_villager":6,"minecraft:play_time":250810,"minecraft:sneak_time":23876,"minecraft:deaths":50,"minecraft:walk_under_water_one_cm":60965,"minecraft:boat_one_cm":2008,"minecraft:jump":2671,"minecraft:walk_on_water_one_cm":69016,"minecraft:total_world_time":250810,"minecraft:interact_with_furnace":12,"enigmaticlegacy:play_time_without_seven_curses":248475,"minecraft:sleep_in_bed":2,"minecraft:time_since_rest":93,"minecraft:waystone_activated":1,"minecraft:damage_taken":15978,"minecraft:damage_dealt":29964,"minecraft:swim_one_cm":61665,"minecraft:fly_one_cm":328572,"minecraft:player_kills":8,"minecraft:crouch_one_cm":86396,"minecraft:interact_with_smoker":1,"minecraft:fall_one_cm":93275},"minecraft:killed_by":{"iter_rpg:air_elemental":1,"minecraft:player":4,"minecraft:wither_skeleton":9,"minecraft:creeper":1,"minecraft:spider":1,"minecraft:pillager":3,"born_in_chaos_v1:swarmer":1,"minecraft:drowned":1,"minecraft:vindicator":2,"minecraft:warden":4,"alexsmobs:centipede_head":1,"minecraft:skeleton":11,"artifacts:mimic":1,"dungeons_mobs:sunken_skeleton":1},"minecraft:crafted":{"minecraft:spruce_button":1,"minecraft:furnace":2,"minecraft:flint_and_steel":1,"minecraft:iron_boots":1,"minecraft:stone_pickaxe":2,"minecraft:spruce_boat":2,"tetra:modular_double":1,"minecraft:crafting_table":4,"minecraft:spruce_planks":208,"minecraft:wooden_pickaxe":1,"minecraft:iron_sword":1,"minecraft:bucket":1,"minecraft:stone_axe":1,"minecraft:air":0,"minecraft:tnt":1,"minecraft:diamond_pickaxe":1,"minecraft:iron_chestplate":1,"minecraft:stick":12,"minecraft:iron_ingot":22,"minecraft:stone_sword":1,"minecraft:torch":48},"minecraft:used":{"enlightened_end:nuclear_bomb":2,"minecraft:stone_sword":126,"minecraft:flint_and_steel":12,"quark:shale":8,"create:veridium":1,"minecraft:spruce_planks":168,"minecraft:iron_sword":286,"minecraft:rotten_flesh":6,"minecraft:iron_chestplate":1,"minecraft:torch":57,"minecraft:dirt":13,"minecraft:spruce_stairs":2,"aquamirae:captain_cornelia_spawn_egg":17,"minecraft:tuff":3,"minecraft:snowball":22,"minecraft:obsidian":10,"minecraft:spruce_boat":3,"born_in_chaos_v1:corpse_maggot":17,"minecraft:spruce_button":1,"minecraft:iron_boots":1,"majruszsdifficulty:cursed_armor_spawn_egg":1,"meetyourfight:dame_fortuna_spawn_egg":2,"minecraft:tadpole_bucket":1,"minecraft:furnace":5,"minecraft:cobbled_deepslate":16,"minecraft:water_bucket":39,"minecraft:stone_pickaxe":138,"cataclysm:abyssal_egg":2,"minecraft:wooden_pickaxe":11,"minecraft:redstone_block":3,"minecraft:cookie":1,"minecraft:sand":29,"minecraft:mushroom_stew":3,"minecraft:tnt":1,"minecraft:crafting_table":10,"minecraft:magenta_bed":2,"tetra:modular_double":4,"infernalexp:glowsilk_moth_spawn_egg":1,"majruszsdifficulty:cerberus_spawn_egg":20,"minecraft:diamond_pickaxe":3,"minecraft:bread":32,"netherdepthsupgrade:obsidianfish_spawn_egg":1,"minecraft:iron_pickaxe":162,"minecraft:spruce_sapling":1,"mutantmonsters:mutant_snow_golem_spawn_egg":1,"minecraft:stone_axe":75,"netherdepthsupgrade:soulsucker_spawn_egg":1,"unusualprehistory:megalania_spawn_egg":1,"minecraft:diamond_sword":227,"minecraft:cobblestone":171,"minecraft:white_banner":1,"minecraft:bucket":40},"minecraft:killed":{"minecraft:cave_spider":11,"minecraft:witch":1,"minecraft:spider":13,"crittersandcompanions:leaf_insect":1,"dungeons_mobs:mountaineer":1,"born_in_chaos_v1:thornshell_crab":1,"minecraft:skeleton":7,"minecraft:silverfish":1,"alexsmobs:centipede_head":1,"born_in_chaos_v1:firelight_not_despawn":1,"alexsmobs:rocky_roller":1,"artifacts:mimic":1,"born_in_chaos_v1:diamond_termite":5,"minecraft:zombie_villager":2,"iter_rpg:spiderling":1,"majruszsdifficulty:cursed_armor":1,"minecraft:pillager":16,"minecraft:zombie":4,"endermanoverhaul:cave_enderman":1,"born_in_chaos_v1:corpse_fly":14,"dungeons_mobs:sunken_skeleton":1,"minecraft:wither_skeleton":9},"minecraft:dropped":{"minecraft:iron_ingot":5,"minecraft:iron_sword":1,"minecraft:wheat_seeds":1,"minecraft:glow_ink_sac":1,"minecraft:crossbow":1,"minecraft:iron_helmet":2,"minecraft:coal":10,"minecraft:dark_oak_log":3,"minecraft:diorite":1,"brewinandchewin:egg_grog":1,"tetra:holo":1,"minecraft:iron_pickaxe":2,"minecraft:string":9,"minecraft:dark_oak_planks":2,"minecraft:bucket":2,"minecraft:spruce_sapling":17,"iter_rpg:potsherd":1,"minecraft:bone":7,"minecraft:gravel":13,"minecraft:raw_copper":3,"minecraft:bowl":2,"iter_rpg:spawner_fragment":1,"minecraft:diamond_sword":4,"minecraft:stone":2,"minecraft:diamond_pickaxe":1,"born_in_chaos_v1:spiny_shell":3,"minecraft:spider_eye":1,"tetra:modular_double":2,"minecraft:iron_bars":1,"minecraft:arrow":6,"minecraft:stone_pickaxe":1,"minecraft:raw_gold":1},"minecraft:broken":{"minecraft:chainmail_leggings":1,"minecraft:stone_sword":1,"minecraft:iron_boots":1,"minecraft:iron_chestplate":1,"minecraft:stone_pickaxe":1,"minecraft:iron_sword":1,"minecraft:iron_helmet":1},"minecraft:picked_up":{"iter_rpg:spawner_fragment":1,"minecraft:charcoal":5,"born_in_chaos_v1:diamond_termite_shard":3,"minecraft:crafting_table":7,"enlightened_end:nuclear_bomb":2,"minecraft:diamond_sword":6,"aquamirae:coral_lance":1,"minecraft:string":9,"netherdepthsupgrade:obsidianfish":1,"minecraft:cyan_carpet":2,"minecraft:cobbled_deepslate":16,"minecraft:bucket":1,"minecraft:spruce_planks":2,"tetra:metal_scrap":5,"minecraft:cyan_wool":1,"minecraft:iron_pickaxe":1,"minecraft:furnace":4,"aquamirae:frozen_key":10,"minecraft:stick":13,"minecraft:raw_iron":44,"minecraft:stone":2,"tetra:holo":1,"minecraft:torch":32,"minecraft:bowl":1,"minecraft:spruce_stairs":2,"netherdepthsupgrade:soulsucker":1,"minecraft:diorite":1,"born_in_chaos_v1:pieceofdarkmetal":2,"minecraft:dark_oak_planks":2,"minecraft:arrow":6,"minecraft:rotten_flesh":6,"minecraft:hay_block":7,"aquamirae:treasure_pouch":3,"majruszsdifficulty:cerberus_fang":50,"create:veridium":1,"born_in_chaos_v1:spiny_shell":3,"minecraft:iron_bars":1,"minecraft:snowball":57,"minecraft:cobblestone":215,"born_in_chaos_v1:corpse_maggot":17,"minecraft:glow_ink_sac":1,"minecraft:filled_map":10,"aquamirae:three_bolt_helmet":10,"minecraft:flint":1,"minecraft:tuff":3,"minecraft:magenta_bed":3,"minecraft:dirt":18,"minecraft:white_banner":2,"minecraft:bone":100,"minecraft:wheat_seeds":1,"minecraft:raw_gold":1,"iter_rpg:potsherd":1,"minecraft:iron_ingot":10,"galosphere:raw_silver":6,"brewinandchewin:egg_grog":1,"aquamirae:ship_graveyard_echo":9,"quark:shale":34,"tetra:modular_double":1,"aquamirae:oxygen_tank":4,"minecraft:gravel":13,"minecraft:sand":1,"minecraft:spruce_sapling":18,"minecraft:spruce_log":52,"minecraft:spider_eye":1,"minecraft:dark_oak_log":3,"minecraft:dark_prismarine":2,"artifacts:plastic_drinking_hat":1,"aquamirae:music_disc_forsaken_drownage":1,"minecraft:purple_bed":1,"minecraft:diamond":9,"minecraft:spruce_boat":1,"minecraft:crossbow":2,"infernalexp:moth_dust":1,"minecraft:emerald":1,"minecraft:coal":88,"minecraft:diamond_pickaxe":1}},"DataVersion":3120}