{"stats":{"minecraft:dropped":{"farmersdelight:tomato_seeds":1,"minecraft:iron_sword":1,"biomesoplenty:jacaranda_sapling":27,"minecraft:wheat_seeds":8,"minecraft:mossy_cobblestone":3,"minecraft:crafting_table":1,"minecraft:cobblestone":6,"minecraft:lantern":3,"delightful:green_tea_leaf":1,"minecraft:pufferfish":1,"twigs:pebble":2,"minecraft:dirt":8,"biomesoplenty:flowering_oak_sapling":1,"minecraft:iron_leggings":1,"farmersdelight:bacon":8,"minecraft:gold_nugget":3,"minecraft:iron_axe":1,"minecraft:dark_oak_planks":2,"minecraft:string":4,"minecraft:bucket":1,"twigs:twig":10,"minecraft:bone":3,"minecraft:compass":1,"minecraft:iron_nugget":2,"minecraft:cobblestone_wall":1,"minecraft:bowl":1,"minecraft:wheat":2,"minecraft:rotten_flesh":6,"minecraft:oak_planks":1,"minecraft:cooked_mutton":1,"minecraft:poppy":2,"minecraft:gunpowder":3,"aether:chainmail_gloves":1,"minecraft:allium":4,"minecraft:mossy_stone_bricks":10,"minecraft:stone_pressure_plate":5,"minecraft:spider_eye":3,"minecraft:barrel":1,"minecraft:wooden_pickaxe":1,"minecraft:cyan_bed":1,"biomesoplenty:tall_lavender":1,"minecraft:egg":1},"minecraft:mined":{"minecraft:stone_pressure_plate":1,"farmersdelight:onions":20,"minecraft:mossy_cobblestone":4,"minecraft:bamboo_fence":1,"minecraft:jungle_leaves":8,"farmersdelight:tomato_crate":5,"minecraft:brewing_stand":2,"minecraft:infested_cobblestone":2,"minecraft:grass_block":6,"minecraft:redstone_wire":1,"farmersdelight:tomatoes":2,"minecraft:spawner":2,"farmersdelight:wild_onions":9,"biomesoplenty:jacaranda_log":32,"biomesoplenty:tall_lavender":1,"minecraft:furnace":2,"minecraft:mossy_cobblestone_stairs":1,"minecraft:iron_ore":39,"minecraft:sticky_piston":6,"minecraft:barrel":1,"minecraft:bookshelf":7,"minecraft:vine":1,"minecraft:stone":31,"minecraft:tripwire":1,"minecraft:redstone_wall_torch":4,"minecraft:oak_slab":4,"biomesoplenty:jacaranda_planks":7,"farmersdelight:potato_crate":3,"minecraft:crafting_table":7,"minecraft:torch":4,"minecraft:rose_bush":1,"minecraft:lectern":43,"farmersdelight:onion_crate":4,"minecraft:tall_grass":3,"minecraft:cobblestone":10,"biomesoplenty:sprout":2,"minecraft:cyan_bed":5,"minecraft:wall_torch":3,"minecraft:purple_bed":4,"minecraft:repeater":12,"minecraft:cobblestone_wall":1,"minecraft:jungle_fence":1,"minecraft:stripped_oak_wood":1,"minecraft:oak_log":5,"minecraft:grass":23,"biomesoplenty:clover":1,"minecraft:coal_ore":35,"minecraft:gravel":15,"minecraft:dirt":7,"minecraft:cobweb":10,"minecraft:cracked_stone_bricks":1,"minecraft:stone_bricks":2,"minecraft:mossy_stone_bricks":2,"farmersdelight:beetroot_crate":4,"minecraft:oak_leaves":4,"minecraft:fern":5},"minecraft:crafted":{"minecraft:oak_planks":20,"minecraft:dark_oak_boat":1,"minecraft:furnace":2,"minecraft:potato":27,"minecraft:cooked_mutton":4,"minecraft:flint_and_steel":1,"minecraft:iron_axe":1,"minecraft:stone_pickaxe":2,"farmersdelight:tomato":45,"everycomp:q/biomesoplenty/jacaranda_bookshelf":1,"minecraft:dark_oak_planks":80,"biomesoplenty:jacaranda_planks":136,"biomesoplenty:jacaranda_boat":1,"minecraft:crafting_table":2,"minecraft:wooden_pickaxe":1,"minecraft:iron_sword":1,"minecraft:bucket":2,"minecraft:stone_axe":1,"minecraft:air":0,"minecraft:lectern":1,"minecraft:iron_chestplate":1,"minecraft:stick":28,"minecraft:iron_ingot":55,"minecraft:iron_pickaxe":1,"minecraft:gold_ingot":6,"minecraft:beetroot":36,"minecraft:torch":100,"farmersdelight:mushroom_rice":1,"farmersdelight:onion":36},"minecraft:used":{"minecraft:beetroot":4,"minecraft:iron_sword":13,"minecraft:rotten_flesh":1,"minecraft:torch":30,"minecraft:dirt":5,"minecraft:mutton":1,"minecraft:dark_oak_planks":64,"farmersdelight:mushroom_rice":1,"farmersdelight:tomato":30,"minecraft:iron_axe":275,"minecraft:dark_oak_boat":3,"minecraft:furnace":2,"minecraft:oak_sapling":3,"minecraft:cooked_mutton":4,"minecraft:water_bucket":10,"minecraft:iron_ore":11,"minecraft:stone_pickaxe":148,"minecraft:wooden_pickaxe":5,"farmersdelight:onion":68,"minecraft:crafting_table":7,"biomesoplenty:jacaranda_planks":120,"minecraft:cyan_bed":3,"minecraft:bread":22,"minecraft:iron_pickaxe":8,"minecraft:lectern":42,"biomesoplenty:jacaranda_boat":4,"minecraft:gravel":6,"minecraft:stone_axe":44,"minecraft:purple_bed":4,"minecraft:bucket":11},"minecraft:killed_by":{"minecraft:husk":4,"minecraft:player":2,"minecraft:enderman":1,"minecraft:vindicator":1,"minecraft:skeleton":3,"minecraft:zombie":1},"minecraft:picked_up":{"minecraft:crafting_table":7,"minecraft:allium":4,"minecraft:potion":1,"biomesoplenty:jacaranda_sapling":27,"minecraft:brewing_stand":2,"minecraft:string":4,"minecraft:iron_axe":1,"minecraft:sticky_piston":14,"minecraft:compass":1,"biomesoplenty:tall_lavender":1,"minecraft:pufferfish":1,"minecraft:gold_nugget":2,"twigs:pebble":2,"minecraft:iron_nugget":1,"minecraft:poppy":2,"minecraft:lectern":43,"delightful:green_tea_leaf":1,"minecraft:egg":1,"minecraft:raw_iron":38,"farmersdelight:potato_crate":3,"minecraft:torch":10,"farmersdelight:tomato_seeds":1,"minecraft:stone_pressure_plate":5,"farmersdelight:tomato_crate":5,"minecraft:rotten_flesh":7,"biomesoplenty:jacaranda_log":34,"farmersdelight:onion":56,"aether:chainmail_gloves":1,"minecraft:mutton":5,"minecraft:white_wool":4,"farmersdelight:beetroot_crate":4,"minecraft:cobblestone":31,"farmersdelight:onion_crate":4,"minecraft:water_bucket":1,"minecraft:leather":3,"minecraft:dark_oak_boat":3,"minecraft:flint":1,"minecraft:oak_log":5,"minecraft:gunpowder":3,"biomesoplenty:jacaranda_planks":6,"minecraft:cobblestone_wall":1,"farmersdelight:tomato":3,"minecraft:dirt":13,"minecraft:lantern":3,"minecraft:cooked_mutton":1,"minecraft:bone":3,"minecraft:wheat_seeds":8,"minecraft:iron_ingot":18,"minecraft:mossy_stone_bricks":10,"twigs:twig":11,"minecraft:book":21,"minecraft:oak_slab":4,"biomesoplenty:jacaranda_boat":4,"minecraft:gravel":6,"minecraft:cyan_bed":5,"minecraft:spider_eye":3,"minecraft:barrel":1,"minecraft:mossy_cobblestone":3,"biomesoplenty:flowering_oak_sapling":1,"minecraft:purple_bed":4,"minecraft:diamond":21,"minecraft:emerald":1,"minecraft:bread":1,"minecraft:oak_sapling":3,"minecraft:coal":35,"minecraft:ender_pearl":2},"minecraft:custom":{"minecraft:inspect_dropper":1,"minecraft:mob_kills":44,"minecraft:interact_with_crafting_table":23,"minecraft:open_barrel":17,"minecraft:damage_dealt_resisted":148,"minecraft:time_since_death":14409,"minecraft:climb_one_cm":4697,"minecraft:sprint_one_cm":359456,"minecraft:walk_one_cm":520491,"minecraft:drop":68,"minecraft:talked_to_villager":52,"minecraft:play_time":132637,"minecraft:deaths":14,"minecraft:sneak_time":4657,"minecraft:walk_under_water_one_cm":24245,"minecraft:boat_one_cm":58062,"minecraft:jump":1829,"minecraft:interact_with_brewingstand":1,"minecraft:walk_on_water_one_cm":34984,"minecraft:total_world_time":132637,"minecraft:interact_with_furnace":14,"minecraft:sleep_in_bed":4,"minecraft:time_since_rest":14436,"minecraft:damage_taken":6018,"minecraft:damage_dealt":11258,"minecraft:swim_one_cm":25182,"minecraft:fly_one_cm":240106,"minecraft:open_chest":31,"minecraft:crouch_one_cm":16698,"minecraft:inspect_dispenser":1,"minecraft:interact_with_smoker":2,"minecraft:fall_one_cm":55288},"minecraft:killed":{"minecraft:cave_spider":1,"minecraft:vindicator":1,"minecraft:spider":3,"minecraft:skeleton":10,"minecraft:silverfish":2,"minecraft:husk":8,"minecraft:iron_golem":2,"minecraft:creeper":3,"minecraft:sheep":4,"minecraft:pillager":2,"minecraft:zombie":3,"alexsmobs:fly":1,"minecraft:cow":2,"minecraft:enderman":2}},"DataVersion":3465}