{"stats":{"minecraft:dropped":{"minecraft:iron_sword":1,"biomesoplenty:jacaranda_sapling":27,"minecraft:wheat_seeds":3,"minecraft:cobblestone_wall":1,"minecraft:bowl":1,"minecraft:crafting_table":1,"minecraft:rotten_flesh":2,"minecraft:cobblestone":6,"minecraft:oak_planks":1,"delightful:green_tea_leaf":1,"twigs:pebble":2,"minecraft:dirt":7,"minecraft:gunpowder":2,"biomesoplenty:flowering_oak_sapling":1,"minecraft:wooden_pickaxe":1,"minecraft:bucket":1,"biomesoplenty:tall_lavender":1,"twigs:twig":9},"minecraft:mined":{"farmersdelight:potato_crate":3,"farmersdelight:tomato_crate":5,"minecraft:crafting_table":3,"minecraft:grass_block":6,"minecraft:rose_bush":1,"farmersdelight:onion_crate":4,"minecraft:tall_grass":1,"minecraft:purple_bed":4,"biomesoplenty:jacaranda_log":32,"biomesoplenty:tall_lavender":1,"minecraft:furnace":2,"minecraft:cobblestone_wall":1,"minecraft:iron_ore":25,"minecraft:grass":13,"biomesoplenty:clover":1,"minecraft:coal_ore":35,"minecraft:oak_log":5,"minecraft:gravel":15,"minecraft:dirt":7,"minecraft:stone":31,"farmersdelight:beetroot_crate":4,"minecraft:oak_leaves":2},"minecraft:crafted":{"minecraft:oak_planks":20,"biomesoplenty:jacaranda_planks":136,"minecraft:crafting_table":1,"minecraft:wooden_pickaxe":1,"minecraft:iron_sword":1,"minecraft:furnace":2,"minecraft:bucket":2,"minecraft:stone_axe":1,"minecraft:potato":27,"minecraft:cooked_mutton":4,"minecraft:air":0,"minecraft:stick":24,"minecraft:iron_ingot":18,"minecraft:iron_pickaxe":1,"minecraft:stone_pickaxe":2,"farmersdelight:tomato":45,"minecraft:beetroot":36,"minecraft:torch":100,"farmersdelight:mushroom_rice":1,"farmersdelight:onion":36},"minecraft:used":{"minecraft:cooked_mutton":1,"minecraft:water_bucket":2,"minecraft:stone_pickaxe":89,"minecraft:wooden_pickaxe":5,"minecraft:rotten_flesh":1,"minecraft:torch":1,"minecraft:dirt":5,"minecraft:mutton":1,"minecraft:crafting_table":2,"biomesoplenty:jacaranda_planks":9,"farmersdelight:mushroom_rice":1,"minecraft:iron_axe":75,"minecraft:bread":5,"minecraft:gravel":6,"minecraft:stone_axe":12,"minecraft:purple_bed":3,"minecraft:oak_sapling":3,"minecraft:furnace":2,"minecraft:bucket":3},"minecraft:killed_by":{"minecraft:vindicator":1},"minecraft:picked_up":{"minecraft:crafting_table":3,"farmersdelight:onion_crate":4,"biomesoplenty:jacaranda_sapling":27,"minecraft:flint":1,"minecraft:oak_log":5,"minecraft:cobblestone_wall":1,"minecraft:gunpowder":3,"minecraft:dirt":12,"biomesoplenty:tall_lavender":1,"minecraft:compass":1,"minecraft:bone":2,"minecraft:wheat_seeds":3,"twigs:pebble":2,"twigs:twig":9,"delightful:green_tea_leaf":1,"farmersdelight:potato_crate":3,"minecraft:raw_iron":25,"minecraft:torch":1,"minecraft:gravel":6,"biomesoplenty:flowering_oak_sapling":1,"farmersdelight:tomato_crate":5,"minecraft:purple_bed":4,"minecraft:rotten_flesh":3,"biomesoplenty:jacaranda_log":34,"minecraft:emerald":1,"minecraft:oak_sapling":3,"minecraft:mutton":5,"farmersdelight:beetroot_crate":4,"minecraft:coal":35,"minecraft:white_wool":4,"minecraft:cobblestone":31},"minecraft:custom":{"minecraft:interact_with_furnace":12,"minecraft:mob_kills":13,"minecraft:interact_with_crafting_table":10,"minecraft:time_since_death":7070,"minecraft:sleep_in_bed":1,"minecraft:climb_one_cm":1275,"minecraft:time_since_rest":7101,"minecraft:sprint_one_cm":110965,"minecraft:damage_taken":718,"minecraft:walk_one_cm":142238,"minecraft:drop":24,"minecraft:damage_dealt":2398,"minecraft:fly_one_cm":111659,"minecraft:open_chest":9,"minecraft:crouch_one_cm":5076,"minecraft:play_time":36637,"minecraft:deaths":2,"minecraft:sneak_time":1595,"minecraft:walk_under_water_one_cm":3320,"minecraft:jump":749,"minecraft:walk_on_water_one_cm":2608,"minecraft:total_world_time":36637,"minecraft:fall_one_cm":15802},"minecraft:killed":{"minecraft:vindicator":1,"minecraft:creeper":3,"minecraft:sheep":4,"minecraft:skeleton":1,"minecraft:pillager":2,"minecraft:zombie":2}},"DataVersion":3465}