{"stats":{"minecraft:mined":{"minecraft:tuff":3,"minecraft:spruce_planks":2,"minecraft:deepslate_diamond_ore":9,"galosphere:deepslate_silver_ore":6,"minecraft:sculk_vein":2,"atmospheric:flowering_morado_leaves":2,"born_in_chaos_v1:infected_diamond_ore":3,"minecraft:crafting_table":5,"minecraft:torch":5,"minecraft:grass_block":2,"minecraft:sculk_sensor":9,"minecraft:tall_grass":1,"minecraft:cobblestone":4,"minecraft:spruce_leaves":3,"minecraft:deepslate_gold_ore":2,"minecraft:sculk":2,"minecraft:wall_torch":16,"minecraft:large_fern":1,"environmental:cartwheel":1,"minecraft:furnace":3,"minecraft:iron_ore":31,"minecraft:cobbled_deepslate":3,"minecraft:sweet_berry_bush":2,"minecraft:magenta_bed":1,"minecraft:birch_leaves":1,"treechop:chopped_log":8,"minecraft:grass":3,"minecraft:sculk_shrieker":1,"minecraft:coal_ore":22,"environmental:dwarf_spruce_plant":1,"minecraft:deepslate_iron_ore":6,"minecraft:dirt":8,"minecraft:stone":88,"create:veridium":3,"minecraft:infested_stone":1,"minecraft:deepslate":17,"minecraft:fern":1},"minecraft:custom":{"enigmaticlegacy:play_time_with_seven_curses":0,"lootr:looted_stat":7,"minecraft:interact_with_furnace":7,"minecraft:mob_kills":34,"enigmaticlegacy:play_time_without_seven_curses":118221,"minecraft:interact_with_crafting_table":17,"minecraft:time_since_death":15540,"minecraft:time_since_rest":15609,"minecraft:waystone_activated":1,"minecraft:sprint_one_cm":107168,"minecraft:walk_one_cm":420409,"minecraft:damage_taken":4283,"minecraft:drop":12,"minecraft:damage_dealt":6018,"minecraft:swim_one_cm":39000,"minecraft:fly_one_cm":120288,"minecraft:player_kills":5,"minecraft:crouch_one_cm":69511,"minecraft:play_time":118811,"minecraft:deaths":14,"minecraft:sneak_time":17085,"minecraft:walk_under_water_one_cm":28832,"minecraft:boat_one_cm":750,"minecraft:jump":1197,"minecraft:walk_on_water_one_cm":32578,"minecraft:total_world_time":118811,"minecraft:fall_one_cm":34056},"minecraft:killed_by":{"minecraft:warden":3,"minecraft:player":2,"alexsmobs:centipede_head":1,"minecraft:skeleton":1,"minecraft:creeper":1,"minecraft:spider":1,"artifacts:mimic":1,"born_in_chaos_v1:swarmer":1,"dungeons_mobs:sunken_skeleton":1},"minecraft:crafted":{"minecraft:crafting_table":3,"minecraft:spruce_planks":208,"minecraft:wooden_pickaxe":1,"minecraft:iron_sword":1,"minecraft:furnace":2,"minecraft:bucket":1,"minecraft:stone_axe":1,"minecraft:air":0,"minecraft:stick":12,"minecraft:iron_ingot":11,"minecraft:stone_pickaxe":2,"minecraft:stone_sword":1,"minecraft:spruce_boat":1,"minecraft:torch":48,"tetra:modular_double":1},"minecraft:used":{"minecraft:stone_sword":126,"minecraft:stone_pickaxe":138,"minecraft:iron_sword":6,"create:veridium":1,"minecraft:spruce_planks":168,"minecraft:wooden_pickaxe":11,"minecraft:rotten_flesh":6,"minecraft:torch":26,"minecraft:dirt":13,"minecraft:crafting_table":8,"tetra:modular_double":2,"minecraft:tuff":3,"born_in_chaos_v1:corpse_maggot":17,"minecraft:spruce_boat":1,"minecraft:iron_pickaxe":95,"minecraft:spruce_sapling":1,"minecraft:stone_axe":48,"minecraft:cobblestone":66,"minecraft:furnace":4,"minecraft:cobbled_deepslate":11},"minecraft:killed":{"minecraft:witch":1,"minecraft:zombie_villager":1,"born_in_chaos_v1:diamond_termite":5,"crittersandcompanions:leaf_insect":1,"iter_rpg:spiderling":1,"minecraft:skeleton":2,"endermanoverhaul:cave_enderman":1,"minecraft:zombie":3,"born_in_chaos_v1:corpse_fly":14,"dungeons_mobs:sunken_skeleton":1,"minecraft:silverfish":1,"alexsmobs:centipede_head":1,"artifacts:mimic":1},"minecraft:dropped":{"minecraft:iron_ingot":5,"minecraft:wheat_seeds":1,"minecraft:iron_helmet":1,"minecraft:stone_pickaxe":1,"minecraft:iron_pickaxe":2,"minecraft:spruce_sapling":17},"minecraft:picked_up":{"minecraft:charcoal":5,"born_in_chaos_v1:corpse_maggot":17,"born_in_chaos_v1:diamond_termite_shard":3,"minecraft:crafting_table":5,"minecraft:glow_ink_sac":1,"minecraft:tuff":3,"minecraft:magenta_bed":1,"minecraft:dirt":13,"minecraft:bone":7,"minecraft:wheat_seeds":1,"minecraft:cobbled_deepslate":16,"minecraft:raw_gold":1,"minecraft:spruce_planks":2,"minecraft:iron_ingot":10,"minecraft:iron_pickaxe":1,"galosphere:raw_silver":6,"minecraft:furnace":3,"minecraft:raw_iron":40,"minecraft:stick":13,"minecraft:torch":14,"minecraft:spruce_sapling":18,"minecraft:spruce_log":52,"born_in_chaos_v1:pieceofdarkmetal":2,"artifacts:plastic_drinking_hat":1,"minecraft:arrow":4,"minecraft:rotten_flesh":6,"minecraft:diamond":9,"create:veridium":1,"minecraft:coal":23,"minecraft:cobblestone":93},"minecraft:broken":{"minecraft:stone_pickaxe":1,"minecraft:stone_sword":1}},"DataVersion":3120}