{"stats":{"minecraft:mined":{"minecraft:spruce_planks":2,"atmospheric:flowering_morado_leaves":2,"born_in_chaos_v1:infected_diamond_ore":2,"minecraft:crafting_table":3,"minecraft:grass_block":2,"minecraft:sculk_sensor":7,"minecraft:spruce_leaves":3,"minecraft:wall_torch":1,"minecraft:large_fern":1,"environmental:cartwheel":1,"minecraft:furnace":1,"minecraft:iron_ore":13,"minecraft:sweet_berry_bush":2,"minecraft:birch_leaves":1,"treechop:chopped_log":8,"minecraft:grass":2,"minecraft:sculk_shrieker":1,"minecraft:coal_ore":14,"environmental:dwarf_spruce_plant":1,"minecraft:deepslate_iron_ore":2,"minecraft:dirt":8,"minecraft:stone":80,"minecraft:deepslate":4,"minecraft:fern":1},"minecraft:custom":{"enigmaticlegacy:play_time_with_seven_curses":0,"minecraft:interact_with_furnace":1,"minecraft:mob_kills":6,"enigmaticlegacy:play_time_without_seven_curses":58549,"minecraft:interact_with_crafting_table":9,"minecraft:time_since_death":2713,"minecraft:time_since_rest":2747,"minecraft:waystone_activated":1,"minecraft:sprint_one_cm":52709,"minecraft:walk_one_cm":188183,"minecraft:damage_taken":1705,"minecraft:drop":3,"minecraft:damage_dealt":1390,"minecraft:swim_one_cm":15126,"minecraft:fly_one_cm":57477,"minecraft:player_kills":2,"minecraft:crouch_one_cm":50473,"minecraft:play_time":58811,"minecraft:deaths":7,"minecraft:sneak_time":11402,"minecraft:walk_under_water_one_cm":11073,"minecraft:boat_one_cm":750,"minecraft:jump":659,"minecraft:walk_on_water_one_cm":18330,"minecraft:total_world_time":58811,"minecraft:fall_one_cm":15721},"minecraft:killed_by":{"minecraft:warden":1,"minecraft:player":2,"minecraft:spider":1,"born_in_chaos_v1:swarmer":1},"minecraft:crafted":{"minecraft:crafting_table":2,"minecraft:spruce_planks":188,"minecraft:wooden_pickaxe":1,"minecraft:furnace":1,"minecraft:stone_axe":1,"minecraft:stick":12,"minecraft:stone_pickaxe":2,"minecraft:stone_sword":1,"minecraft:spruce_boat":1,"minecraft:torch":48},"minecraft:used":{"minecraft:stone_sword":26,"minecraft:stone_pickaxe":127,"minecraft:spruce_planks":111,"minecraft:wooden_pickaxe":11,"minecraft:torch":1,"minecraft:dirt":13,"minecraft:crafting_table":4,"minecraft:spruce_boat":1,"minecraft:iron_pickaxe":6,"minecraft:spruce_sapling":1,"minecraft:stone_axe":47,"minecraft:furnace":2},"minecraft:killed":{"born_in_chaos_v1:diamond_termite":3,"minecraft:skeleton":1,"minecraft:zombie":1},"minecraft:dropped":{"minecraft:wheat_seeds":1,"minecraft:spruce_sapling":17},"minecraft:picked_up":{"born_in_chaos_v1:diamond_termite_shard":2,"minecraft:crafting_table":3,"minecraft:glow_ink_sac":1,"minecraft:dirt":13,"minecraft:bone":2,"minecraft:wheat_seeds":1,"minecraft:spruce_planks":2,"minecraft:iron_pickaxe":1,"minecraft:furnace":1,"minecraft:raw_iron":15,"minecraft:stick":11,"minecraft:torch":1,"minecraft:spruce_sapling":18,"minecraft:spruce_log":52,"born_in_chaos_v1:pieceofdarkmetal":1,"minecraft:rotten_flesh":2,"minecraft:coal":16,"minecraft:cobblestone":81},"minecraft:broken":{"minecraft:stone_pickaxe":1}},"DataVersion":3120}