{"stats":{"minecraft:mined":{"minecraft:tuff":3,"minecraft:spruce_planks":2,"minecraft:deepslate_diamond_ore":9,"minecraft:sculk_vein":1,"atmospheric:flowering_morado_leaves":2,"born_in_chaos_v1:infected_diamond_ore":2,"minecraft:crafting_table":3,"minecraft:torch":1,"minecraft:grass_block":2,"minecraft:sculk_sensor":7,"minecraft:tall_grass":1,"minecraft:cobblestone":4,"minecraft:spruce_leaves":3,"minecraft:deepslate_gold_ore":2,"minecraft:wall_torch":11,"minecraft:large_fern":1,"environmental:cartwheel":1,"minecraft:furnace":2,"minecraft:iron_ore":15,"minecraft:sweet_berry_bush":2,"minecraft:birch_leaves":1,"treechop:chopped_log":8,"minecraft:grass":3,"minecraft:sculk_shrieker":1,"minecraft:coal_ore":17,"environmental:dwarf_spruce_plant":1,"minecraft:deepslate_iron_ore":6,"minecraft:dirt":8,"minecraft:stone":88,"create:veridium":3,"minecraft:deepslate":15,"minecraft:fern":1},"minecraft:custom":{"enigmaticlegacy:play_time_with_seven_curses":0,"minecraft:interact_with_furnace":4,"minecraft:mob_kills":26,"enigmaticlegacy:play_time_without_seven_curses":94342,"minecraft:interact_with_crafting_table":13,"minecraft:time_since_death":7595,"minecraft:time_since_rest":7641,"minecraft:waystone_activated":1,"minecraft:sprint_one_cm":90288,"minecraft:walk_one_cm":322481,"minecraft:damage_taken":3455,"minecraft:drop":4,"minecraft:damage_dealt":4676,"minecraft:swim_one_cm":39000,"minecraft:fly_one_cm":116532,"minecraft:player_kills":5,"minecraft:crouch_one_cm":64580,"minecraft:play_time":94811,"minecraft:deaths":12,"minecraft:sneak_time":15802,"minecraft:walk_under_water_one_cm":27813,"minecraft:boat_one_cm":750,"minecraft:jump":1079,"minecraft:walk_on_water_one_cm":32578,"minecraft:total_world_time":94811,"minecraft:fall_one_cm":28887},"minecraft:killed_by":{"minecraft:warden":3,"minecraft:player":2,"alexsmobs:centipede_head":1,"minecraft:creeper":1,"minecraft:spider":1,"born_in_chaos_v1:swarmer":1,"dungeons_mobs:sunken_skeleton":1},"minecraft:crafted":{"minecraft:crafting_table":3,"minecraft:spruce_planks":208,"minecraft:wooden_pickaxe":1,"minecraft:furnace":2,"minecraft:bucket":1,"minecraft:stone_axe":1,"minecraft:air":0,"minecraft:stick":12,"minecraft:iron_ingot":11,"minecraft:stone_pickaxe":2,"minecraft:stone_sword":1,"minecraft:spruce_boat":1,"minecraft:torch":48},"minecraft:used":{"minecraft:stone_sword":105,"minecraft:stone_pickaxe":138,"create:veridium":1,"minecraft:spruce_planks":168,"minecraft:wooden_pickaxe":11,"minecraft:rotten_flesh":5,"minecraft:torch":15,"minecraft:dirt":13,"minecraft:crafting_table":5,"born_in_chaos_v1:corpse_maggot":16,"minecraft:spruce_boat":1,"minecraft:iron_pickaxe":49,"minecraft:spruce_sapling":1,"minecraft:stone_axe":47,"minecraft:cobblestone":49,"minecraft:furnace":3},"minecraft:killed":{"minecraft:witch":1,"minecraft:zombie_villager":1,"born_in_chaos_v1:diamond_termite":3,"crittersandcompanions:leaf_insect":1,"iter_rpg:spiderling":1,"minecraft:skeleton":1,"endermanoverhaul:cave_enderman":1,"minecraft:zombie":3,"born_in_chaos_v1:corpse_fly":12,"dungeons_mobs:sunken_skeleton":1,"alexsmobs:centipede_head":1},"minecraft:dropped":{"minecraft:wheat_seeds":1,"minecraft:stone_pickaxe":1,"minecraft:spruce_sapling":17},"minecraft:picked_up":{"born_in_chaos_v1:corpse_maggot":17,"born_in_chaos_v1:diamond_termite_shard":2,"minecraft:crafting_table":3,"minecraft:glow_ink_sac":1,"minecraft:tuff":3,"minecraft:dirt":13,"minecraft:bone":3,"minecraft:wheat_seeds":1,"minecraft:cobbled_deepslate":12,"minecraft:raw_gold":1,"minecraft:spruce_planks":2,"minecraft:iron_pickaxe":1,"minecraft:furnace":2,"minecraft:raw_iron":22,"minecraft:stick":13,"minecraft:torch":9,"minecraft:spruce_sapling":18,"minecraft:spruce_log":52,"born_in_chaos_v1:pieceofdarkmetal":1,"minecraft:arrow":1,"minecraft:rotten_flesh":5,"minecraft:diamond":9,"create:veridium":1,"minecraft:coal":18,"minecraft:cobblestone":93},"minecraft:broken":{"minecraft:stone_pickaxe":1}},"DataVersion":3120}