{"stats":{"minecraft:dropped":{"minecraft:iron_sword":1,"biomesoplenty:jacaranda_sapling":27,"minecraft:wheat_seeds":2,"minecraft:cobblestone_wall":1,"minecraft:crafting_table":1,"minecraft:cobblestone":1,"delightful:green_tea_leaf":1,"biomesoplenty:flowering_oak_sapling":1,"minecraft:wooden_pickaxe":1,"minecraft:bucket":1,"biomesoplenty:tall_lavender":1,"twigs:twig":9},"minecraft:mined":{"minecraft:crafting_table":3,"minecraft:grass_block":6,"minecraft:rose_bush":1,"minecraft:tall_grass":1,"minecraft:purple_bed":4,"biomesoplenty:jacaranda_log":32,"biomesoplenty:tall_lavender":1,"minecraft:furnace":2,"minecraft:cobblestone_wall":1,"minecraft:iron_ore":18,"minecraft:grass":13,"biomesoplenty:clover":1,"minecraft:coal_ore":35,"minecraft:oak_log":5,"minecraft:dirt":7,"minecraft:stone":28,"minecraft:oak_leaves":2},"minecraft:crafted":{"minecraft:oak_planks":20,"minecraft:crafting_table":1,"minecraft:wooden_pickaxe":1,"minecraft:iron_sword":1,"minecraft:furnace":2,"minecraft:bucket":2,"minecraft:stone_axe":1,"minecraft:cooked_mutton":4,"minecraft:air":0,"minecraft:stick":12,"minecraft:iron_ingot":18,"minecraft:iron_pickaxe":1,"minecraft:stone_pickaxe":2},"minecraft:used":{"minecraft:stone_pickaxe":79,"minecraft:wooden_pickaxe":5,"minecraft:mutton":1,"minecraft:crafting_table":2,"minecraft:iron_axe":41,"minecraft:bread":5,"minecraft:stone_axe":12,"minecraft:purple_bed":3,"minecraft:oak_sapling":3,"minecraft:furnace":2,"minecraft:bucket":1},"minecraft:picked_up":{"minecraft:crafting_table":3,"biomesoplenty:jacaranda_sapling":27,"minecraft:oak_log":5,"minecraft:cobblestone_wall":1,"minecraft:gunpowder":2,"minecraft:dirt":12,"biomesoplenty:tall_lavender":1,"minecraft:compass":1,"minecraft:wheat_seeds":2,"twigs:twig":9,"delightful:green_tea_leaf":1,"minecraft:raw_iron":18,"minecraft:torch":1,"biomesoplenty:flowering_oak_sapling":1,"minecraft:purple_bed":4,"minecraft:rotten_flesh":2,"biomesoplenty:jacaranda_log":34,"minecraft:oak_sapling":3,"minecraft:mutton":5,"minecraft:coal":35,"minecraft:white_wool":4,"minecraft:cobblestone":28},"minecraft:custom":{"minecraft:interact_with_furnace":12,"minecraft:mob_kills":7,"minecraft:interact_with_crafting_table":10,"minecraft:time_since_death":18935,"minecraft:sleep_in_bed":1,"minecraft:climb_one_cm":341,"minecraft:time_since_rest":10316,"minecraft:sprint_one_cm":75369,"minecraft:damage_taken":358,"minecraft:walk_one_cm":96371,"minecraft:drop":16,"minecraft:damage_dealt":1072,"minecraft:fly_one_cm":76416,"minecraft:open_chest":2,"minecraft:crouch_one_cm":1345,"minecraft:play_time":24637,"minecraft:deaths":1,"minecraft:sneak_time":262,"minecraft:walk_under_water_one_cm":258,"minecraft:jump":591,"minecraft:walk_on_water_one_cm":1590,"minecraft:total_world_time":24637,"minecraft:fall_one_cm":11651},"minecraft:killed":{"minecraft:creeper":2,"minecraft:sheep":4,"minecraft:zombie":1}},"DataVersion":3465}