{"stats":{"minecraft:mined":{"minecraft:large_fern":1,"environmental:cartwheel":1,"minecraft:spruce_planks":2,"minecraft:furnace":1,"minecraft:sweet_berry_bush":2,"atmospheric:flowering_morado_leaves":2,"minecraft:birch_leaves":1,"treechop:chopped_log":8,"minecraft:crafting_table":2,"minecraft:grass":2,"minecraft:grass_block":2,"minecraft:coal_ore":14,"environmental:dwarf_spruce_plant":1,"minecraft:dirt":8,"minecraft:spruce_leaves":3,"minecraft:stone":52,"minecraft:fern":1},"minecraft:custom":{"minecraft:waystone_activated":1,"minecraft:time_since_rest":10905,"enigmaticlegacy:play_time_with_seven_curses":0,"minecraft:sprint_one_cm":50199,"minecraft:damage_taken":950,"minecraft:walk_one_cm":128639,"minecraft:mob_kills":2,"minecraft:drop":3,"minecraft:damage_dealt":634,"enigmaticlegacy:play_time_without_seven_curses":34684,"minecraft:player_kills":1,"minecraft:swim_one_cm":15126,"minecraft:interact_with_crafting_table":8,"minecraft:fly_one_cm":50121,"minecraft:crouch_one_cm":2013,"minecraft:play_time":34811,"minecraft:deaths":3,"minecraft:sneak_time":394,"minecraft:walk_under_water_one_cm":8992,"minecraft:boat_one_cm":750,"minecraft:jump":471,"minecraft:walk_on_water_one_cm":11671,"minecraft:time_since_death":10868,"minecraft:total_world_time":34811,"minecraft:fall_one_cm":9819},"minecraft:killed_by":{"minecraft:player":2,"born_in_chaos_v1:swarmer":1},"minecraft:crafted":{"minecraft:crafting_table":2,"minecraft:spruce_planks":188,"minecraft:stick":8,"minecraft:wooden_pickaxe":1,"minecraft:stone_pickaxe":1,"minecraft:stone_sword":1,"minecraft:furnace":1,"minecraft:spruce_boat":1,"minecraft:torch":48,"minecraft:stone_axe":1},"minecraft:used":{"minecraft:spruce_boat":1,"minecraft:stone_sword":2,"minecraft:stone_pickaxe":76,"minecraft:spruce_planks":4,"minecraft:wooden_pickaxe":11,"minecraft:spruce_sapling":1,"minecraft:stone_axe":46,"minecraft:dirt":1,"minecraft:crafting_table":3,"minecraft:furnace":1},"minecraft:dropped":{"minecraft:wheat_seeds":1,"minecraft:spruce_sapling":17},"minecraft:killed":{"minecraft:skeleton":1},"minecraft:picked_up":{"minecraft:stick":11,"minecraft:crafting_table":2,"minecraft:spruce_sapling":18,"minecraft:spruce_log":52,"minecraft:dirt":13,"minecraft:bone":2,"minecraft:wheat_seeds":1,"minecraft:spruce_planks":2,"minecraft:coal":15,"minecraft:cobblestone":54,"minecraft:furnace":1}},"DataVersion":3120}