{
  "comforts:sleeping_bag_light_gray": {
    "criteria": {
      "has_the_recipe": "2024-09-18 01:29:54 +0000"
    },
    "done": true
  },
  "comforts:hammock_white": {
    "criteria": {
      "has_the_recipe": "2024-09-18 01:29:54 +0000"
    },
    "done": true
  },
  "comforts:hammock_cyan_from_white": {
    "criteria": {
      "has_the_recipe": "2024-09-18 01:29:54 +0000"
    },
    "done": true
  },
  "comforts:hammock_black": {
    "criteria": {
      "has_the_recipe": "2024-09-18 01:29:54 +0000"
    },
    "done": true
  },
  "farmersdelight:main/plant_all_crops": {
    "criteria": {
      "sweet_berries": "2024-09-18 01:35:56 +0000"
    },
    "done": false
  },
  "comforts:sleeping_bag_light_blue": {
    "criteria": {
      "has_the_recipe": "2024-09-18 01:29:54 +0000"
    },
    "done": true
  },
  "comforts:sleeping_bag_green_from_white": {
    "criteria": {
      "has_the_recipe": "2024-09-18 01:29:54 +0000"
    },
    "done": true
  },
  "comforts:sleeping_bag_lime": {
    "criteria": {
      "has_the_recipe": "2024-09-18 01:29:54 +0000"
    },
    "done": true
  },
  "naturescompass:natures_compass": {
    "criteria": {
      "has_compass": "2024-09-18 01:29:54 +0000"
    },
    "done": true
  },
  "comforts:sleeping_bag_lime_from_white": {
    "criteria": {
      "has_the_recipe": "2024-09-18 01:29:54 +0000"
    },
    "done": true
  },
  "comforts:sleeping_bag_black_from_white": {
    "criteria": {
      "has_the_recipe": "2024-09-18 01:29:54 +0000"
    },
    "done": true
  },
  "comforts:hammock_light_blue_from_white": {
    "criteria": {
      "has_the_recipe": "2024-09-18 01:29:54 +0000"
    },
    "done": true
  },
  "queen_bee:root": {
    "criteria": {
      "root": "2024-09-18 01:29:54 +0000"
    },
    "done": true
  },
  "enigmaticlegacy:recipes/generic/the_acknowledgment": {
    "criteria": {
      "has_iron_ingot": "2024-09-18 01:29:54 +0000"
    },
    "done": true
  },
  "aquamirae:adventure/root": {
    "criteria": {
      "crafting_table": "2024-09-18 01:49:24 +0000"
    },
    "done": true
  },
  "toms_storage:unlock_netherite": {
    "criteria": {
      "inv_changed-netherite": "2024-09-18 01:29:54 +0000"
    },
    "done": true
  },
  "comforts:sleeping_bag_black": {
    "criteria": {
      "has_the_recipe": "2024-09-18 01:29:54 +0000"
    },
    "done": true
  },
  "predators:the_predators_advencement": {
    "criteria": {
      "the_predators_advencement": "2024-09-18 01:29:54 +0000"
    },
    "done": true
  },
  "comforts:hammock_red_from_white": {
    "criteria": {
      "has_the_recipe": "2024-09-18 01:29:54 +0000"
    },
    "done": true
  },
  "comforts:hammock_yellow": {
    "criteria": {
      "has_the_recipe": "2024-09-18 01:29:54 +0000"
    },
    "done": true
  },
  "comforts:hammock_cyan": {
    "criteria": {
      "has_the_recipe": "2024-09-18 01:29:54 +0000"
    },
    "done": true
  },
  "comforts:sleeping_bag_purple": {
    "criteria": {
      "has_the_recipe": "2024-09-18 01:29:54 +0000"
    },
    "done": true
  },
  "enigmaticlegacy:recipes/generic/infernal_shield": {
    "criteria": {
      "has_parent_recipe": "2024-09-18 01:29:54 +0000"
    },
    "done": false
  },
  "comforts:hammock_pink_from_white": {
    "criteria": {
      "has_the_recipe": "2024-09-18 01:29:54 +0000"
    },
    "done": true
  },
  "comforts:sleeping_bag_purple_from_white": {
    "criteria": {
      "has_the_recipe": "2024-09-18 01:29:54 +0000"
    },
    "done": true
  },
  "cataclysm:root": {
    "criteria": {
      "custom_test_name": "2024-09-18 01:29:54 +0000"
    },
    "done": true
  },
  "comforts:sleeping_bag_yellow": {
    "criteria": {
      "has_the_recipe": "2024-09-18 01:29:54 +0000"
    },
    "done": true
  },
  "comforts:hammock_light_gray": {
    "criteria": {
      "has_the_recipe": "2024-09-18 01:29:54 +0000"
    },
    "done": true
  },
  "mutantmonsters:root": {
    "criteria": {
      "killed_something": "2024-09-18 01:39:33 +0000"
    },
    "done": true
  },
  "comforts:hammock_purple": {
    "criteria": {
      "has_the_recipe": "2024-09-18 01:29:54 +0000"
    },
    "done": true
  },
  "minecraft:husbandry/balanced_diet": {
    "criteria": {
      "sweet_berries": "2024-09-18 01:35:55 +0000"
    },
    "done": false
  },
  "comforts:sleeping_bag_orange_from_white": {
    "criteria": {
      "has_the_recipe": "2024-09-18 01:29:54 +0000"
    },
    "done": true
  },
  "comforts:hammock_yellow_from_white": {
    "criteria": {
      "has_the_recipe": "2024-09-18 01:29:54 +0000"
    },
    "done": true
  },
  "comforts:sleeping_bag_blue_from_white": {
    "criteria": {
      "has_the_recipe": "2024-09-18 01:29:54 +0000"
    },
    "done": true
  },
  "comforts:sleeping_bag_green": {
    "criteria": {
      "has_the_recipe": "2024-09-18 01:29:54 +0000"
    },
    "done": true
  },
  "comforts:hammock_lime": {
    "criteria": {
      "has_the_recipe": "2024-09-18 01:29:54 +0000"
    },
    "done": true
  },
  "comforts:sleeping_bag_brown_from_white": {
    "criteria": {
      "has_the_recipe": "2024-09-18 01:29:54 +0000"
    },
    "done": true
  },
  "comforts:sleeping_bag_white": {
    "criteria": {
      "has_the_recipe": "2024-09-18 01:29:54 +0000"
    },
    "done": true
  },
  "comforts:sleeping_bag_pink": {
    "criteria": {
      "has_the_recipe": "2024-09-18 01:29:54 +0000"
    },
    "done": true
  },
  "iter_rpg:iter_root": {
    "criteria": {
      "iter_root": "2024-09-18 01:29:54 +0000"
    },
    "done": true
  },
  "comforts:hammock_light_gray_from_white": {
    "criteria": {
      "has_the_recipe": "2024-09-18 01:29:54 +0000"
    },
    "done": true
  },
  "comforts:sleeping_bag_gray": {
    "criteria": {
      "has_the_recipe": "2024-09-18 01:29:54 +0000"
    },
    "done": true
  },
  "comforts:sleeping_bag_brown": {
    "criteria": {
      "has_the_recipe": "2024-09-18 01:29:54 +0000"
    },
    "done": true
  },
  "naturescompass:natures_compass_sapling": {
    "criteria": {
      "has_recipe": "2024-09-18 01:29:54 +0000"
    },
    "done": true
  },
  "comforts:sleeping_bag_light_blue_from_white": {
    "criteria": {
      "has_the_recipe": "2024-09-18 01:29:54 +0000"
    },
    "done": true
  },
  "minecraft:story/root": {
    "criteria": {
      "crafting_table": "2024-09-18 01:49:24 +0000"
    },
    "done": true
  },
  "comforts:hammock_light_blue": {
    "criteria": {
      "has_the_recipe": "2024-09-18 01:29:54 +0000"
    },
    "done": true
  },
  "comforts:rope_and_nail": {
    "criteria": {
      "has_the_recipe": "2024-09-18 01:29:54 +0000"
    },
    "done": true
  },
  "comforts:hammock_magenta": {
    "criteria": {
      "has_the_recipe": "2024-09-18 01:29:54 +0000"
    },
    "done": true
  },
  "idas:idas_root": {
    "criteria": {
      "always": "2024-09-18 01:29:54 +0000"
    },
    "done": true
  },
  "betterdungeons:root": {
    "criteria": {
      "always": "2024-09-18 01:29:54 +0000"
    },
    "done": true
  },
  "comforts:sleeping_bag_red": {
    "criteria": {
      "has_the_recipe": "2024-09-18 01:29:54 +0000"
    },
    "done": true
  },
  "dungeons_arise:find_illager_fort": {
    "criteria": {
      "location0": "2024-09-18 01:49:51 +0000"
    },
    "done": true
  },
  "comforts:sleeping_bag_red_from_white": {
    "criteria": {
      "has_the_recipe": "2024-09-18 01:29:54 +0000"
    },
    "done": true
  },
  "lootr:root": {
    "criteria": {
      "always_true": "2024-09-18 01:29:54 +0000"
    },
    "done": true
  },
  "comforts:sleeping_bag_magenta_from_white": {
    "criteria": {
      "has_the_recipe": "2024-09-18 01:29:54 +0000"
    },
    "done": true
  },
  "comforts:hammock_magenta_from_white": {
    "criteria": {
      "has_the_recipe": "2024-09-18 01:29:54 +0000"
    },
    "done": true
  },
  "comforts:sleeping_bag_blue": {
    "criteria": {
      "has_the_recipe": "2024-09-18 01:29:54 +0000"
    },
    "done": true
  },
  "comforts:hammock_brown_from_white": {
    "criteria": {
      "has_the_recipe": "2024-09-18 01:29:54 +0000"
    },
    "done": true
  },
  "toms_storage:unlock_glowstone": {
    "criteria": {
      "inv_changed-glowstone": "2024-09-18 01:29:54 +0000"
    },
    "done": true
  },
  "minecraft:story/mine_stone": {
    "criteria": {
      "get_stone": "2024-09-18 01:42:59 +0000"
    },
    "done": true
  },
  "friendsandfoes:misc/yellow_dye_from_buttercup": {
    "criteria": {
      "has_the_recipe": "2024-09-18 01:29:54 +0000"
    },
    "done": true
  },
  "majruszsdifficulty:progressive_difficulty/normal_mode": {
    "criteria": {
      "game_state": "2024-09-18 01:29:54 +0000"
    },
    "done": true
  },
  "minecraft:adventure/adventuring_time": {
    "criteria": {
      "minecraft:taiga": "2024-09-18 01:29:56 +0000",
      "minecraft:stony_shore": "2024-09-18 01:30:28 +0000",
      "minecraft:grove": "2024-09-18 01:48:34 +0000",
      "minecraft:jagged_peaks": "2024-09-18 01:48:41 +0000",
      "minecraft:cold_ocean": "2024-09-18 01:43:52 +0000",
      "atmospheric:aspen_parkland": "2024-09-18 01:46:58 +0000",
      "minecraft:forest": "2024-09-18 01:52:32 +0000",
      "minecraft:lush_caves": "2024-09-18 01:45:37 +0000"
    },
    "done": false
  },
  "comforts:hammock_blue_from_white": {
    "criteria": {
      "has_the_recipe": "2024-09-18 01:29:54 +0000"
    },
    "done": true
  },
  "comforts:sleeping_bag_gray_from_white": {
    "criteria": {
      "has_the_recipe": "2024-09-18 01:29:54 +0000"
    },
    "done": true
  },
  "comforts:sleeping_bag_orange": {
    "criteria": {
      "has_the_recipe": "2024-09-18 01:29:54 +0000"
    },
    "done": true
  },
  "minecraft:husbandry/root": {
    "criteria": {
      "consumed_item": "2024-09-18 01:35:55 +0000"
    },
    "done": true
  },
  "comforts:sleeping_bag_cyan": {
    "criteria": {
      "has_the_recipe": "2024-09-18 01:29:54 +0000"
    },
    "done": true
  },
  "toms_storage:unlock_dia_pearl": {
    "criteria": {
      "inv_changed-ender_pearl": "2024-09-18 01:29:54 +0000",
      "inv_changed-diamond": "2024-09-18 01:29:54 +0000"
    },
    "done": true
  },
  "comforts:hammock_purple_from_white": {
    "criteria": {
      "has_the_recipe": "2024-09-18 01:29:54 +0000"
    },
    "done": true
  },
  "minecraft:adventure/root": {
    "criteria": {
      "killed_something": "2024-09-18 01:39:33 +0000"
    },
    "done": true
  },
  "comforts:sleeping_bag_pink_from_white": {
    "criteria": {
      "has_the_recipe": "2024-09-18 01:29:54 +0000"
    },
    "done": true
  },
  "comforts:hammock_red": {
    "criteria": {
      "has_the_recipe": "2024-09-18 01:29:54 +0000"
    },
    "done": true
  },
  "farmersdelight:main/root": {
    "criteria": {
      "seeds": "2024-09-18 01:29:54 +0000"
    },
    "done": true
  },
  "comforts:hammock_black_from_white": {
    "criteria": {
      "has_the_recipe": "2024-09-18 01:29:54 +0000"
    },
    "done": true
  },
  "comforts:sleeping_bag_yellow_from_white": {
    "criteria": {
      "has_the_recipe": "2024-09-18 01:29:54 +0000"
    },
    "done": true
  },
  "comforts:hammock_gray_from_white": {
    "criteria": {
      "has_the_recipe": "2024-09-18 01:29:54 +0000"
    },
    "done": true
  },
  "dungeons_arise:wda_root": {
    "criteria": {
      "WDA": "2024-09-18 01:29:54 +0000"
    },
    "done": true
  },
  "tetra:recipes/planks": {
    "criteria": {
      "got_wood": "2024-09-18 01:49:21 +0000"
    },
    "done": true
  },
  "comforts:hammock_green_from_white": {
    "criteria": {
      "has_the_recipe": "2024-09-18 01:29:54 +0000"
    },
    "done": true
  },
  "comforts:hammock_orange": {
    "criteria": {
      "has_the_recipe": "2024-09-18 01:29:54 +0000"
    },
    "done": true
  },
  "comforts:hammock_lime_from_white": {
    "criteria": {
      "has_the_recipe": "2024-09-18 01:29:54 +0000"
    },
    "done": true
  },
  "comforts:hammock_pink": {
    "criteria": {
      "has_the_recipe": "2024-09-18 01:29:54 +0000"
    },
    "done": true
  },
  "comforts:hammock_orange_from_white": {
    "criteria": {
      "has_the_recipe": "2024-09-18 01:29:54 +0000"
    },
    "done": true
  },
  "comforts:sleeping_bag_magenta": {
    "criteria": {
      "has_the_recipe": "2024-09-18 01:29:54 +0000"
    },
    "done": true
  },
  "comforts:sleeping_bag_cyan_from_white": {
    "criteria": {
      "has_the_recipe": "2024-09-18 01:29:54 +0000"
    },
    "done": true
  },
  "comforts:sleeping_bag_light_gray_from_white": {
    "criteria": {
      "has_the_recipe": "2024-09-18 01:29:54 +0000"
    },
    "done": true
  },
  "toms_storage:unlock_chest": {
    "criteria": {
      "inv_changed-chest": "2024-09-18 01:29:54 +0000"
    },
    "done": true
  },
  "totw_modded:root": {
    "criteria": {
      "sample_trigger": "2024-09-18 01:29:54 +0000"
    },
    "done": true
  },
  "create:root": {
    "criteria": {
      "0": "2024-09-18 01:29:54 +0000"
    },
    "done": true
  },
  "betterdeserttemples:root": {
    "criteria": {
      "always": "2024-09-18 01:29:54 +0000"
    },
    "done": true
  },
  "naturescompass:natures_compass_log": {
    "criteria": {
      "has_recipe": "2024-09-18 01:29:54 +0000"
    },
    "done": true
  },
  "minecraft:story/upgrade_tools": {
    "criteria": {
      "stone_pickaxe": "2024-09-18 01:59:43 +0000"
    },
    "done": true
  },
  "comforts:hammock_brown": {
    "criteria": {
      "has_the_recipe": "2024-09-18 01:29:54 +0000"
    },
    "done": true
  },
  "comforts:hammock_blue": {
    "criteria": {
      "has_the_recipe": "2024-09-18 01:29:54 +0000"
    },
    "done": true
  },
  "paraglider:root": {
    "criteria": {
      "crafting_table": "2024-09-18 01:49:24 +0000"
    },
    "done": true
  },
  "comforts:hammock_green": {
    "criteria": {
      "has_the_recipe": "2024-09-18 01:29:54 +0000"
    },
    "done": true
  },
  "comforts:hammock_gray": {
    "criteria": {
      "has_the_recipe": "2024-09-18 01:29:54 +0000"
    },
    "done": true
  },
  "meetyourfight:main/root": {
    "criteria": {
      "killed_something": "2024-09-18 01:39:33 +0000"
    },
    "done": true
  },
  "DataVersion": 3120
}