{
  "comforts:sleeping_bag_light_gray": {
    "criteria": {
      "has_the_recipe": "2024-09-18 01:29:54 +0000"
    },
    "done": true
  },
  "tetra:upgrades/root": {
    "criteria": {
      "hammer": "2024-09-18 03:05:36 +0000"
    },
    "done": true
  },
  "comforts:hammock_white": {
    "criteria": {
      "has_the_recipe": "2024-09-18 01:29:54 +0000"
    },
    "done": true
  },
  "comforts:hammock_cyan_from_white": {
    "criteria": {
      "has_the_recipe": "2024-09-18 01:29:54 +0000"
    },
    "done": true
  },
  "comforts:hammock_black": {
    "criteria": {
      "has_the_recipe": "2024-09-18 01:29:54 +0000"
    },
    "done": true
  },
  "farmersdelight:main/plant_all_crops": {
    "criteria": {
      "sweet_berries": "2024-09-18 01:35:56 +0000"
    },
    "done": false
  },
  "comforts:sleeping_bag_light_blue": {
    "criteria": {
      "has_the_recipe": "2024-09-18 01:29:54 +0000"
    },
    "done": true
  },
  "comforts:sleeping_bag_green_from_white": {
    "criteria": {
      "has_the_recipe": "2024-09-18 01:29:54 +0000"
    },
    "done": true
  },
  "comforts:sleeping_bag_lime": {
    "criteria": {
      "has_the_recipe": "2024-09-18 01:29:54 +0000"
    },
    "done": true
  },
  "enigmaticlegacy:recipes/generic/magnet_ring": {
    "criteria": {
      "has_items": "2024-09-18 02:22:17 +0000"
    },
    "done": false
  },
  "naturescompass:natures_compass": {
    "criteria": {
      "has_compass": "2024-09-18 01:29:54 +0000"
    },
    "done": true
  },
  "comforts:sleeping_bag_lime_from_white": {
    "criteria": {
      "has_the_recipe": "2024-09-18 01:29:54 +0000"
    },
    "done": true
  },
  "comforts:sleeping_bag_black_from_white": {
    "criteria": {
      "has_the_recipe": "2024-09-18 01:29:54 +0000"
    },
    "done": true
  },
  "tetra:upgrades/repairs": {
    "criteria": {
      "hammer": "2024-09-18 03:05:36 +0000"
    },
    "done": true
  },
  "comforts:hammock_light_blue_from_white": {
    "criteria": {
      "has_the_recipe": "2024-09-18 01:29:54 +0000"
    },
    "done": true
  },
  "queen_bee:root": {
    "criteria": {
      "root": "2024-09-18 01:29:54 +0000"
    },
    "done": true
  },
  "enigmaticlegacy:recipes/generic/the_acknowledgment": {
    "criteria": {
      "has_iron_ingot": "2024-09-18 01:29:54 +0000"
    },
    "done": true
  },
  "aquamirae:adventure/root": {
    "criteria": {
      "crafting_table": "2024-09-18 01:49:24 +0000"
    },
    "done": true
  },
  "toms_storage:unlock_netherite": {
    "criteria": {
      "inv_changed-netherite": "2024-09-18 01:29:54 +0000"
    },
    "done": true
  },
  "enigmaticlegacy:recipes/generic/iron_ring": {
    "criteria": {
      "has_iron_ingot": "2024-09-18 02:06:26 +0000"
    },
    "done": true
  },
  "comforts:sleeping_bag_black": {
    "criteria": {
      "has_the_recipe": "2024-09-18 01:29:54 +0000"
    },
    "done": true
  },
  "predators:the_predators_advencement": {
    "criteria": {
      "the_predators_advencement": "2024-09-18 01:29:54 +0000"
    },
    "done": true
  },
  "enigmaticlegacy:recipes/generic/bonus_wool_recipes": {
    "criteria": {
      "has_white_wool": "2024-09-18 03:40:51 +0000"
    },
    "done": true
  },
  "comforts:hammock_red_from_white": {
    "criteria": {
      "has_the_recipe": "2024-09-18 01:29:54 +0000"
    },
    "done": true
  },
  "tetra:spelunking/root": {
    "criteria": {
      "spelunking": "2024-09-18 02:13:29 +0000"
    },
    "done": true
  },
  "comforts:hammock_yellow": {
    "criteria": {
      "has_the_recipe": "2024-09-18 01:29:54 +0000"
    },
    "done": true
  },
  "comforts:hammock_cyan": {
    "criteria": {
      "has_the_recipe": "2024-09-18 01:29:54 +0000"
    },
    "done": true
  },
  "lootr:1chest": {
    "criteria": {
      "opened_chest": "2024-09-18 03:23:15 +0000"
    },
    "done": true
  },
  "comforts:sleeping_bag_purple": {
    "criteria": {
      "has_the_recipe": "2024-09-18 01:29:54 +0000"
    },
    "done": true
  },
  "enigmaticlegacy:recipes/generic/infernal_shield": {
    "criteria": {
      "has_parent_recipe": "2024-09-18 01:29:54 +0000"
    },
    "done": false
  },
  "comforts:hammock_pink_from_white": {
    "criteria": {
      "has_the_recipe": "2024-09-18 01:29:54 +0000"
    },
    "done": true
  },
  "dungeons_arise:find_abandoned_temple": {
    "criteria": {
      "location0": "2024-09-18 04:04:49 +0000"
    },
    "done": true
  },
  "farmersdelight:main/get_fd_seed": {
    "criteria": {
      "rice": "2024-09-18 03:25:32 +0000"
    },
    "done": true
  },
  "tetra:upgrades/double_headed": {
    "criteria": {
      "hammer": "2024-09-18 03:05:36 +0000"
    },
    "done": true
  },
  "comforts:sleeping_bag_purple_from_white": {
    "criteria": {
      "has_the_recipe": "2024-09-18 01:29:54 +0000"
    },
    "done": true
  },
  "cataclysm:root": {
    "criteria": {
      "custom_test_name": "2024-09-18 01:29:54 +0000"
    },
    "done": true
  },
  "comforts:sleeping_bag_yellow": {
    "criteria": {
      "has_the_recipe": "2024-09-18 01:29:54 +0000"
    },
    "done": true
  },
  "comforts:hammock_light_gray": {
    "criteria": {
      "has_the_recipe": "2024-09-18 01:29:54 +0000"
    },
    "done": true
  },
  "farmersdelight:main/get_ham": {
    "criteria": {
      "ham": "2024-09-18 03:38:42 +0000"
    },
    "done": true
  },
  "mutantmonsters:root": {
    "criteria": {
      "killed_something": "2024-09-18 01:39:33 +0000"
    },
    "done": true
  },
  "comforts:hammock_purple": {
    "criteria": {
      "has_the_recipe": "2024-09-18 01:29:54 +0000"
    },
    "done": true
  },
  "minecraft:husbandry/balanced_diet": {
    "criteria": {
      "potato": "2024-09-18 03:31:10 +0000",
      "bread": "2024-09-18 03:45:03 +0000",
      "sweet_berries": "2024-09-18 01:35:55 +0000",
      "apple": "2024-09-18 02:06:31 +0000"
    },
    "done": false
  },
  "comforts:sleeping_bag_orange_from_white": {
    "criteria": {
      "has_the_recipe": "2024-09-18 01:29:54 +0000"
    },
    "done": true
  },
  "comforts:hammock_yellow_from_white": {
    "criteria": {
      "has_the_recipe": "2024-09-18 01:29:54 +0000"
    },
    "done": true
  },
  "comforts:sleeping_bag_blue_from_white": {
    "criteria": {
      "has_the_recipe": "2024-09-18 01:29:54 +0000"
    },
    "done": true
  },
  "iter_rpg:iter_get_ametrine": {
    "criteria": {
      "iter_get_ametrine": "2024-09-18 02:25:28 +0000"
    },
    "done": true
  },
  "totw_modded:derelict_grass_tower": {
    "criteria": {
      "derelict_grass": "2024-09-18 04:01:22 +0000"
    },
    "done": true
  },
  "comforts:sleeping_bag_green": {
    "criteria": {
      "has_the_recipe": "2024-09-18 01:29:54 +0000"
    },
    "done": true
  },
  "comforts:hammock_lime": {
    "criteria": {
      "has_the_recipe": "2024-09-18 01:29:54 +0000"
    },
    "done": true
  },
  "comforts:sleeping_bag_brown_from_white": {
    "criteria": {
      "has_the_recipe": "2024-09-18 01:29:54 +0000"
    },
    "done": true
  },
  "iter_rpg:iter_get_voidquartz": {
    "criteria": {
      "iter_get_voidquartz": "2024-09-18 02:11:47 +0000"
    },
    "done": true
  },
  "minecraft:story/iron_tools": {
    "criteria": {
      "iron_pickaxe": "2024-09-18 02:06:51 +0000"
    },
    "done": true
  },
  "comforts:sleeping_bag_white": {
    "criteria": {
      "has_the_recipe": "2024-09-18 01:29:54 +0000"
    },
    "done": true
  },
  "comforts:sleeping_bag_pink": {
    "criteria": {
      "has_the_recipe": "2024-09-18 01:29:54 +0000"
    },
    "done": true
  },
  "iter_rpg:iter_root": {
    "criteria": {
      "iter_root": "2024-09-18 01:29:54 +0000"
    },
    "done": true
  },
  "comforts:hammock_light_gray_from_white": {
    "criteria": {
      "has_the_recipe": "2024-09-18 01:29:54 +0000"
    },
    "done": true
  },
  "comforts:sleeping_bag_gray": {
    "criteria": {
      "has_the_recipe": "2024-09-18 01:29:54 +0000"
    },
    "done": true
  },
  "comforts:sleeping_bag_brown": {
    "criteria": {
      "has_the_recipe": "2024-09-18 01:29:54 +0000"
    },
    "done": true
  },
  "naturescompass:natures_compass_sapling": {
    "criteria": {
      "has_recipe": "2024-09-18 01:29:54 +0000"
    },
    "done": true
  },
  "comforts:sleeping_bag_light_blue_from_white": {
    "criteria": {
      "has_the_recipe": "2024-09-18 01:29:54 +0000"
    },
    "done": true
  },
  "minecraft:story/root": {
    "criteria": {
      "crafting_table": "2024-09-18 01:49:24 +0000"
    },
    "done": true
  },
  "minecraft:adventure/avoid_vibration": {
    "criteria": {
      "avoid_vibration": "2024-09-18 02:16:31 +0000"
    },
    "done": true
  },
  "tetra:recipes/string": {
    "criteria": {
      "got_string": "2024-09-18 02:14:16 +0000"
    },
    "done": true
  },
  "comforts:hammock_light_blue": {
    "criteria": {
      "has_the_recipe": "2024-09-18 01:29:54 +0000"
    },
    "done": true
  },
  "comforts:rope_and_nail": {
    "criteria": {
      "has_the_recipe": "2024-09-18 01:29:54 +0000"
    },
    "done": true
  },
  "comforts:hammock_magenta": {
    "criteria": {
      "has_the_recipe": "2024-09-18 01:29:54 +0000"
    },
    "done": true
  },
  "enigmaticlegacy:recipes/generic/hunter_guidebook": {
    "criteria": {
      "has_items": "2024-09-18 03:52:26 +0000"
    },
    "done": true
  },
  "idas:idas_root": {
    "criteria": {
      "always": "2024-09-18 01:29:54 +0000"
    },
    "done": true
  },
  "betterdungeons:root": {
    "criteria": {
      "always": "2024-09-18 01:29:54 +0000"
    },
    "done": true
  },
  "comforts:sleeping_bag_red": {
    "criteria": {
      "has_the_recipe": "2024-09-18 01:29:54 +0000"
    },
    "done": true
  },
  "dungeons_arise:find_illager_fort": {
    "criteria": {
      "location0": "2024-09-18 01:49:51 +0000"
    },
    "done": true
  },
  "comforts:sleeping_bag_red_from_white": {
    "criteria": {
      "has_the_recipe": "2024-09-18 01:29:54 +0000"
    },
    "done": true
  },
  "minecraft:adventure/kill_a_mob": {
    "criteria": {
      "minecraft:skeleton": "2024-09-18 02:09:00 +0000"
    },
    "done": true
  },
  "lootr:root": {
    "criteria": {
      "always_true": "2024-09-18 01:29:54 +0000"
    },
    "done": true
  },
  "minecraft:story/obtain_armor": {
    "criteria": {
      "iron_helmet": "2024-09-18 03:00:01 +0000"
    },
    "done": true
  },
  "comforts:sleeping_bag_magenta_from_white": {
    "criteria": {
      "has_the_recipe": "2024-09-18 01:29:54 +0000"
    },
    "done": true
  },
  "comforts:hammock_magenta_from_white": {
    "criteria": {
      "has_the_recipe": "2024-09-18 01:29:54 +0000"
    },
    "done": true
  },
  "comforts:sleeping_bag_blue": {
    "criteria": {
      "has_the_recipe": "2024-09-18 01:29:54 +0000"
    },
    "done": true
  },
  "comforts:hammock_brown_from_white": {
    "criteria": {
      "has_the_recipe": "2024-09-18 01:29:54 +0000"
    },
    "done": true
  },
  "toms_storage:unlock_glowstone": {
    "criteria": {
      "inv_changed-glowstone": "2024-09-18 01:29:54 +0000"
    },
    "done": true
  },
  "minecraft:story/mine_stone": {
    "criteria": {
      "get_stone": "2024-09-18 01:42:59 +0000"
    },
    "done": true
  },
  "friendsandfoes:misc/yellow_dye_from_buttercup": {
    "criteria": {
      "has_the_recipe": "2024-09-18 01:29:54 +0000"
    },
    "done": true
  },
  "majruszsdifficulty:progressive_difficulty/normal_mode": {
    "criteria": {
      "game_state": "2024-09-18 01:29:54 +0000"
    },
    "done": true
  },
  "minecraft:adventure/adventuring_time": {
    "criteria": {
      "minecraft:snowy_slopes": "2024-09-18 03:50:56 +0000",
      "minecraft:old_growth_pine_taiga": "2024-09-18 03:58:29 +0000",
      "minecraft:taiga": "2024-09-18 01:29:56 +0000",
      "minecraft:beach": "2024-09-18 04:03:11 +0000",
      "minecraft:stony_shore": "2024-09-18 01:30:28 +0000",
      "minecraft:grove": "2024-09-18 01:48:34 +0000",
      "minecraft:jagged_peaks": "2024-09-18 01:48:41 +0000",
      "minecraft:cold_ocean": "2024-09-18 01:43:52 +0000",
      "atmospheric:aspen_parkland": "2024-09-18 01:46:58 +0000",
      "minecraft:forest": "2024-09-18 01:52:32 +0000",
      "minecraft:lush_caves": "2024-09-18 01:45:37 +0000",
      "minecraft:ice_spikes": "2024-09-18 03:51:01 +0000",
      "minecraft:frozen_ocean": "2024-09-18 03:19:50 +0000",
      "minecraft:deep_frozen_ocean": "2024-09-18 03:19:45 +0000",
      "minecraft:old_growth_spruce_taiga": "2024-09-18 04:02:31 +0000",
      "minecraft:frozen_peaks": "2024-09-18 03:36:22 +0000",
      "minecraft:deep_dark": "2024-09-18 02:07:35 +0000",
      "atmospheric:kousa_jungle": "2024-09-18 03:22:55 +0000",
      "minecraft:meadow": "2024-09-18 03:58:52 +0000",
      "minecraft:plains": "2024-09-18 04:02:54 +0000"
    },
    "done": false
  },
  "comforts:hammock_blue_from_white": {
    "criteria": {
      "has_the_recipe": "2024-09-18 01:29:54 +0000"
    },
    "done": true
  },
  "minecraft:adventure/sleep_in_bed": {
    "criteria": {
      "slept_in_bed": "2024-09-18 03:59:14 +0000"
    },
    "done": true
  },
  "comforts:sleeping_bag_gray_from_white": {
    "criteria": {
      "has_the_recipe": "2024-09-18 01:29:54 +0000"
    },
    "done": true
  },
  "comforts:sleeping_bag_orange": {
    "criteria": {
      "has_the_recipe": "2024-09-18 01:29:54 +0000"
    },
    "done": true
  },
  "minecraft:husbandry/root": {
    "criteria": {
      "consumed_item": "2024-09-18 01:35:55 +0000"
    },
    "done": true
  },
  "paraglider:paraglider": {
    "criteria": {
      "paraglider": "2024-09-18 04:02:05 +0000"
    },
    "done": true
  },
  "comforts:sleeping_bag_cyan": {
    "criteria": {
      "has_the_recipe": "2024-09-18 01:29:54 +0000"
    },
    "done": true
  },
  "aquamirae:adventure/find_ice_maze": {
    "criteria": {
      "deep_frozen_ocean": "2024-09-18 03:19:45 +0000"
    },
    "done": true
  },
  "toms_storage:unlock_dia_pearl": {
    "criteria": {
      "inv_changed-ender_pearl": "2024-09-18 01:29:54 +0000",
      "inv_changed-diamond": "2024-09-18 01:29:54 +0000"
    },
    "done": true
  },
  "lootr:10loot": {
    "criteria": {
      "loot_stat": "2024-09-18 03:38:59 +0000"
    },
    "done": true
  },
  "totw_modded:ice_tower": {
    "criteria": {
      "ice": "2024-09-18 03:51:06 +0000"
    },
    "done": true
  },
  "comforts:hammock_purple_from_white": {
    "criteria": {
      "has_the_recipe": "2024-09-18 01:29:54 +0000"
    },
    "done": true
  },
  "minecraft:adventure/root": {
    "criteria": {
      "killed_something": "2024-09-18 01:39:33 +0000"
    },
    "done": true
  },
  "comforts:sleeping_bag_pink_from_white": {
    "criteria": {
      "has_the_recipe": "2024-09-18 01:29:54 +0000"
    },
    "done": true
  },
  "comforts:hammock_red": {
    "criteria": {
      "has_the_recipe": "2024-09-18 01:29:54 +0000"
    },
    "done": true
  },
  "lootr:social": {
    "criteria": {
      "opened_chest": "2024-09-18 03:23:15 +0000"
    },
    "done": false
  },
  "farmersdelight:main/root": {
    "criteria": {
      "seeds": "2024-09-18 01:29:54 +0000"
    },
    "done": true
  },
  "comforts:hammock_black_from_white": {
    "criteria": {
      "has_the_recipe": "2024-09-18 01:29:54 +0000"
    },
    "done": true
  },
  "comforts:sleeping_bag_yellow_from_white": {
    "criteria": {
      "has_the_recipe": "2024-09-18 01:29:54 +0000"
    },
    "done": true
  },
  "comforts:hammock_gray_from_white": {
    "criteria": {
      "has_the_recipe": "2024-09-18 01:29:54 +0000"
    },
    "done": true
  },
  "minecraft:adventure/kill_all_mobs": {
    "criteria": {
      "minecraft:pillager": "2024-09-18 04:05:52 +0000",
      "minecraft:skeleton": "2024-09-18 02:09:00 +0000",
      "minecraft:vindicator": "2024-09-18 04:00:51 +0000",
      "minecraft:spider": "2024-09-18 02:14:10 +0000",
      "minecraft:witch": "2024-09-18 02:25:06 +0000",
      "minecraft:stray": "2024-09-18 02:59:44 +0000",
      "minecraft:zombie": "2024-09-18 02:24:17 +0000"
    },
    "done": false
  },
  "minecraft:adventure/lightning_rod_with_villager_no_fire": {
    "criteria": {
      "lightning_rod_with_villager_no_fire": "2024-09-18 03:45:35 +0000"
    },
    "done": true
  },
  "dungeons_arise:wda_root": {
    "criteria": {
      "WDA": "2024-09-18 01:29:54 +0000"
    },
    "done": true
  },
  "tetra:recipes/planks": {
    "criteria": {
      "got_wood": "2024-09-18 01:49:21 +0000"
    },
    "done": true
  },
  "tetra:story/more_upgrades": {
    "criteria": {
      "hammer": "2024-09-18 03:05:36 +0000"
    },
    "done": true
  },
  "farmersdelight:main/craft_knife": {
    "criteria": {
      "flint_knife": "2024-09-18 03:38:51 +0000"
    },
    "done": true
  },
  "comforts:hammock_green_from_white": {
    "criteria": {
      "has_the_recipe": "2024-09-18 01:29:54 +0000"
    },
    "done": true
  },
  "comforts:hammock_orange": {
    "criteria": {
      "has_the_recipe": "2024-09-18 01:29:54 +0000"
    },
    "done": true
  },
  "comforts:hammock_lime_from_white": {
    "criteria": {
      "has_the_recipe": "2024-09-18 01:29:54 +0000"
    },
    "done": true
  },
  "comforts:hammock_pink": {
    "criteria": {
      "has_the_recipe": "2024-09-18 01:29:54 +0000"
    },
    "done": true
  },
  "comforts:hammock_orange_from_white": {
    "criteria": {
      "has_the_recipe": "2024-09-18 01:29:54 +0000"
    },
    "done": true
  },
  "comforts:sleeping_bag_magenta": {
    "criteria": {
      "has_the_recipe": "2024-09-18 01:29:54 +0000"
    },
    "done": true
  },
  "comforts:sleeping_bag_cyan_from_white": {
    "criteria": {
      "has_the_recipe": "2024-09-18 01:29:54 +0000"
    },
    "done": true
  },
  "comforts:sleeping_bag_light_gray_from_white": {
    "criteria": {
      "has_the_recipe": "2024-09-18 01:29:54 +0000"
    },
    "done": true
  },
  "toms_storage:unlock_chest": {
    "criteria": {
      "inv_changed-chest": "2024-09-18 01:29:54 +0000"
    },
    "done": true
  },
  "totw_modded:root": {
    "criteria": {
      "sample_trigger": "2024-09-18 01:29:54 +0000"
    },
    "done": true
  },
  "create:root": {
    "criteria": {
      "0": "2024-09-18 01:29:54 +0000"
    },
    "done": true
  },
  "betterdeserttemples:root": {
    "criteria": {
      "always": "2024-09-18 01:29:54 +0000"
    },
    "done": true
  },
  "naturescompass:natures_compass_log": {
    "criteria": {
      "has_recipe": "2024-09-18 01:29:54 +0000"
    },
    "done": true
  },
  "lootr:25loot": {
    "criteria": {
      "loot_stat": "2024-09-18 04:09:57 +0000"
    },
    "done": true
  },
  "minecraft:story/mine_diamond": {
    "criteria": {
      "diamond": "2024-09-18 02:22:17 +0000"
    },
    "done": true
  },
  "minecraft:story/upgrade_tools": {
    "criteria": {
      "stone_pickaxe": "2024-09-18 01:59:43 +0000"
    },
    "done": true
  },
  "comforts:hammock_brown": {
    "criteria": {
      "has_the_recipe": "2024-09-18 01:29:54 +0000"
    },
    "done": true
  },
  "comforts:hammock_blue": {
    "criteria": {
      "has_the_recipe": "2024-09-18 01:29:54 +0000"
    },
    "done": true
  },
  "paraglider:root": {
    "criteria": {
      "crafting_table": "2024-09-18 01:49:24 +0000"
    },
    "done": true
  },
  "minecraft:story/smelt_iron": {
    "criteria": {
      "iron": "2024-09-18 02:06:26 +0000"
    },
    "done": true
  },
  "comforts:hammock_green": {
    "criteria": {
      "has_the_recipe": "2024-09-18 01:29:54 +0000"
    },
    "done": true
  },
  "comforts:hammock_gray": {
    "criteria": {
      "has_the_recipe": "2024-09-18 01:29:54 +0000"
    },
    "done": true
  },
  "meetyourfight:main/root": {
    "criteria": {
      "killed_something": "2024-09-18 01:39:33 +0000"
    },
    "done": true
  },
  "tetra:spelunking/ancient_ruins": {
    "criteria": {
      "regular_ruin": "2024-09-18 02:57:51 +0000"
    },
    "done": true
  },
  "DataVersion": 3120
}